行政區別,村里別,1_柯文哲/吳欣盈,10-007_1_黨籍,2_賴清德/蕭美琴,10-007_2_黨籍,3_侯友宜/趙少康,10-007_3_黨籍,有效票數A,無效票數B,投票數C,已領未投票數D,發出票數E,用餘票數F,選舉人數G,投票率H
彰化市,文化里,430,無黨籍及未經政黨推薦,714,民主進步黨,624,中國國民黨,1768,20,1788,0,1788,600,2388,74.87
彰化市,下廍里,2198,無黨籍及未經政黨推薦,2696,民主進步黨,2520,中國國民黨,7414,54,7468,0,7468,2292,9760,76.52
彰化市,興北里,652,無黨籍及未經政黨推薦,868,民主進步黨,750,中國國民黨,2270,10,2280,0,2280,864,3144,72.52
彰化市,信義里,252,無黨籍及未經政黨推薦,454,民主進步黨,372,中國國民黨,1078,8,1086,0,1086,346,1432,75.84
彰化市,民生里,510,無黨籍及未經政黨推薦,710,民主進步黨,650,中國國民黨,1870,8,1878,0,1878,650,2528,74.29
彰化市,陽明里,618,無黨籍及未經政黨推薦,1000,民主進步黨,804,中國國民黨,2422,20,2442,0,2442,814,3256,75.0
彰化市,萬安里,1504,無黨籍及未經政黨推薦,2040,民主進步黨,1852,中國國民黨,5396,32,5428,0,5428,1754,7182,75.58
彰化市,新興里,2326,無黨籍及未經政黨推薦,2858,民主進步黨,2488,中國國民黨,7672,40,7712,0,7712,2416,10128,76.15
彰化市,新華里,724,無黨籍及未經政黨推薦,886,民主進步黨,858,中國國民黨,2468,20,2488,0,2488,836,3324,74.85
彰化市,龍山里,728,無黨籍及未經政黨推薦,1000,民主進步黨,1004,中國國民黨,2732,24,2756,0,2756,966,3722,74.05
彰化市,中山里,324,無黨籍及未經政黨推薦,382,民主進步黨,448,中國國民黨,1154,12,1166,0,1166,418,1584,73.61
彰化市,中正里,516,無黨籍及未經政黨推薦,758,民主進步黨,684,中國國民黨,1958,10,1968,0,1968,736,2704,72.78
彰化市,永福里,368,無黨籍及未經政黨推薦,512,民主進步黨,356,中國國民黨,1236,16,1252,0,1252,372,1624,77.09
彰化市,光復里,206,無黨籍及未經政黨推薦,458,民主進步黨,226,中國國民黨,890,4,894,0,894,306,1200,74.5
彰化市,光華里,222,無黨籍及未經政黨推薦,444,民主進步黨,376,中國國民黨,1042,4,1046,0,1046,330,1376,76.02
彰化市,萬壽里,230,無黨籍及未經政黨推薦,612,民主進步黨,314,中國國民黨,1156,6,1162,0,1162,398,1560,74.49
彰化市,中央里,218,無黨籍及未經政黨推薦,490,民主進步黨,348,中國國民黨,1056,10,1066,0,1066,336,1402,76.03
彰化市,富貴里,258,無黨籍及未經政黨推薦,530,民主進步黨,390,中國國民黨,1178,16,1194,0,1194,426,1620,73.7
彰化市,民權里,350,無黨籍及未經政黨推薦,572,民主進步黨,496,中國國民黨,1418,4,1422,0,1422,538,1960,72.55
彰化市,西興里,1470,無黨籍及未經政黨推薦,1822,民主進步黨,1544,中國國民黨,4836,28,4864,0,4864,1550,6414,75.83
彰化市,西勢里,1582,無黨籍及未經政黨推薦,1890,民主進步黨,1874,中國國民黨,5346,26,5372,0,5372,1680,7052,76.18
彰化市,忠孝里,476,無黨籍及未經政黨推薦,636,民主進步黨,566,中國國民黨,1678,18,1696,0,1696,548,2244,75.58
彰化市,忠權里,1378,無黨籍及未經政黨推薦,1534,民主進步黨,1590,中國國民黨,4502,42,4544,0,4544,1572,6116,74.3
彰化市,五權里,1836,無黨籍及未經政黨推薦,1956,民主進步黨,1858,中國國民黨,5650,34,5684,0,5684,2424,8108,70.1
彰化市,長樂里,310,無黨籍及未經政黨推薦,618,民主進步黨,388,中國國民黨,1316,8,1324,0,1324,396,1720,76.98
彰化市,東芳里,1540,無黨籍及未經政黨推薦,1856,民主進步黨,1528,中國國民黨,4924,36,4960,0,4960,1830,6790,73.05
彰化市,南安里,924,無黨籍及未經政黨推薦,1170,民主進步黨,994,中國國民黨,3088,22,3110,0,3110,1056,4166,74.65
彰化市,南美里,908,無黨籍及未經政黨推薦,992,民主進步黨,860,中國國民黨,2760,26,2786,0,2786,912,3698,75.34
彰化市,莿桐里,1288,無黨籍及未經政黨推薦,1654,民主進步黨,1508,中國國民黨,4450,30,4480,0,4480,1426,5906,75.86
彰化市,磚磘里,1506,無黨籍及未經政黨推薦,1634,民主進步黨,1514,中國國民黨,4654,40,4694,0,4694,1610,6304,74.46
彰化市,平和里,1922,無黨籍及未經政黨推薦,2394,民主進步黨,2140,中國國民黨,6456,42,6498,0,6498,2114,8612,75.45
彰化市,桃源里,972,無黨籍及未經政黨推薦,1146,民主進步黨,1142,中國國民黨,3260,24,3284,0,3284,1324,4608,71.27
彰化市,卦山里,882,無黨籍及未經政黨推薦,1306,民主進步黨,1332,中國國民黨,3520,14,3534,0,3534,1222,4756,74.31
彰化市,東興里,534,無黨籍及未經政黨推薦,868,民主進步黨,714,中國國民黨,2116,12,2128,0,2128,756,2884,73.79
彰化市,大同里,340,無黨籍及未經政黨推薦,550,民主進步黨,458,中國國民黨,1348,12,1360,0,1360,474,1834,74.15
彰化市,永生里,424,無黨籍及未經政黨推薦,642,民主進步黨,550,中國國民黨,1616,8,1624,0,1624,602,2226,72.96
彰化市,華陽里,600,無黨籍及未經政黨推薦,794,民主進步黨,962,中國國民黨,2356,12,2368,0,2368,984,3352,70.64
彰化市,華北里,542,無黨籍及未經政黨推薦,800,民主進步黨,696,中國國民黨,2038,14,2052,0,2052,716,2768,74.13
彰化市,南瑶里,3146,無黨籍及未經政黨推薦,4126,民主進步黨,3748,中國國民黨,11020,62,11082,0,11082,3494,14576,76.03
彰化市,成功里,550,無黨籍及未經政黨推薦,848,民主進步黨,720,中國國民黨,2118,18,2136,0,2136,686,2822,75.69
彰化市,延和里,2142,無黨籍及未經政黨推薦,2750,民主進步黨,2378,中國國民黨,7270,44,7314,0,7314,2448,9762,74.92
彰化市,南興里,3800,無黨籍及未經政黨推薦,4286,民主進步黨,3578,中國國民黨,11664,54,11718,0,11718,3604,15322,76.48
彰化市,西安里,1080,無黨籍及未經政黨推薦,1482,民主進步黨,1308,中國國民黨,3870,28,3898,0,3898,1452,5350,72.86
彰化市,彰安里,1006,無黨籍及未經政黨推薦,1638,民主進步黨,1332,中國國民黨,3976,30,4006,0,4006,1380,5386,74.38
彰化市,光南里,562,無黨籍及未經政黨推薦,798,民主進步黨,648,中國國民黨,2008,10,2018,0,2018,650,2668,75.64
彰化市,介壽里,802,無黨籍及未經政黨推薦,988,民主進步黨,1262,中國國民黨,3052,24,3076,0,3076,2176,5252,58.57
彰化市,延平里,4124,無黨籍及未經政黨推薦,4896,民主進步黨,4452,中國國民黨,13472,86,13558,0,13558,4466,18024,75.22
彰化市,建寶里,840,無黨籍及未經政黨推薦,1020,民主進步黨,1278,中國國民黨,3138,20,3158,0,3158,1082,4240,74.48
彰化市,福安里,454,無黨籍及未經政黨推薦,536,民主進步黨,512,中國國民黨,1502,8,1510,0,1510,458,1968,76.73
彰化市,大竹里,1430,無黨籍及未經政黨推薦,1700,民主進步黨,1522,中國國民黨,4652,28,4680,0,4680,1556,6236,75.05
彰化市,竹中里,656,無黨籍及未經政黨推薦,850,民主進步黨,820,中國國民黨,2326,18,2344,0,2344,866,3210,73.02
彰化市,安溪里,866,無黨籍及未經政黨推薦,1012,民主進步黨,908,中國國民黨,2786,20,2806,0,2806,854,3660,76.67
彰化市,香山里,1502,無黨籍及未經政黨推薦,1814,民主進步黨,1462,中國國民黨,4778,30,4808,0,4808,1654,6462,74.4
彰化市,牛埔里,1270,無黨籍及未經政黨推薦,1700,民主進步黨,1250,中國國民黨,4220,40,4260,0,4260,1502,5762,73.93
彰化市,福山里,2844,無黨籍及未經政黨推薦,3732,民主進步黨,2994,中國國民黨,9570,82,9652,0,9652,3356,13008,74.2
彰化市,中庄里,896,無黨籍及未經政黨推薦,1392,民主進步黨,1026,中國國民黨,3314,18,3332,0,3332,1268,4600,72.43
彰化市,三村里,562,無黨籍及未經政黨推薦,616,民主進步黨,470,中國國民黨,1648,2,1650,0,1650,616,2266,72.82
彰化市,國聖里,1090,無黨籍及未經政黨推薦,1402,民主進步黨,1124,中國國民黨,3616,18,3634,0,3634,1136,4770,76.18
彰化市,寶廍里,614,無黨籍及未經政黨推薦,620,民主進步黨,546,中國國民黨,1780,20,1800,0,1800,568,2368,76.01
彰化市,茄苳里,438,無黨籍及未經政黨推薦,442,民主進步黨,456,中國國民黨,1336,16,1352,0,1352,420,1772,76.3
彰化市,茄南里,1370,無黨籍及未經政黨推薦,1518,民主進步黨,1404,中國國民黨,4292,28,4320,0,4320,1284,5604,77.09
彰化市,阿夷里,4122,無黨籍及未經政黨推薦,4164,民主進步黨,4048,中國國民黨,12334,104,12438,0,12438,3970,16408,75.8
彰化市,古夷里,1000,無黨籍及未經政黨推薦,1290,民主進步黨,1098,中國國民黨,3388,24,3412,0,3412,1216,4628,73.73
彰化市,復興里,1694,無黨籍及未經政黨推薦,2106,民主進步黨,1924,中國國民黨,5724,38,5762,0,5762,2002,7764,74.21
彰化市,和調里,1170,無黨籍及未經政黨推薦,1316,民主進步黨,1298,中國國民黨,3784,24,3808,0,3808,1236,5044,75.5
彰化市,石牌里,442,無黨籍及未經政黨推薦,584,民主進步黨,492,中國國民黨,1518,10,1528,0,1528,650,2178,70.16
彰化市,福田里,582,無黨籍及未經政黨推薦,668,民主進步黨,528,中國國民黨,1778,16,1794,0,1794,620,2414,74.32
彰化市,竹巷里,274,無黨籍及未經政黨推薦,498,民主進步黨,406,中國國民黨,1178,6,1184,0,1184,440,1624,72.91
彰化市,田中里,376,無黨籍及未經政黨推薦,486,民主進步黨,398,中國國民黨,1260,4,1264,0,1264,428,1692,74.7
彰化市,快官里,398,無黨籍及未經政黨推薦,610,民主進步黨,532,中國國民黨,1540,6,1546,0,1546,666,2212,69.89
彰化市,台鳳里,1956,無黨籍及未經政黨推薦,1966,民主進步黨,2184,中國國民黨,6106,16,6122,0,6122,2326,8448,72.47
彰化市,崙平里,2292,無黨籍及未經政黨推薦,2704,民主進步黨,2644,中國國民黨,7640,46,7686,0,7686,2676,10362,74.17
彰化市,向陽里,2472,無黨籍及未經政黨推薦,2512,民主進步黨,2870,中國國民黨,7854,64,7918,0,7918,2466,10384,76.25
鹿港鎮,大有里,362,無黨籍及未經政黨推薦,754,民主進步黨,448,中國國民黨,1564,10,1574,0,1574,584,2158,72.94
鹿港鎮,中興里,202,無黨籍及未經政黨推薦,370,民主進步黨,154,中國國民黨,726,2,728,0,728,246,974,74.74
鹿港鎮,洛津里,276,無黨籍及未經政黨推薦,556,民主進步黨,304,中國國民黨,1136,14,1150,0,1150,464,1614,71.25
鹿港鎮,順興里,310,無黨籍及未經政黨推薦,536,民主進步黨,392,中國國民黨,1238,14,1252,0,1252,480,1732,72.29
鹿港鎮,頂厝里,1354,無黨籍及未經政黨推薦,1658,民主進步黨,1200,中國國民黨,4212,44,4256,0,4256,1566,5822,73.1
鹿港鎮,東崎里,2168,無黨籍及未經政黨推薦,2886,民主進步黨,2046,中國國民黨,7100,102,7202,0,7202,2856,10058,71.6
鹿港鎮,埔崙里,1950,無黨籍及未經政黨推薦,3434,民主進步黨,1806,中國國民黨,7190,72,7262,0,7262,2602,9864,73.62
鹿港鎮,東石里,1610,無黨籍及未經政黨推薦,3030,民主進步黨,1480,中國國民黨,6120,78,6198,0,6198,2290,8488,73.02
鹿港鎮,郭厝里,142,無黨籍及未經政黨推薦,358,民主進步黨,202,中國國民黨,702,14,716,0,716,308,1024,69.92
鹿港鎮,新宮里,288,無黨籍及未經政黨推薦,654,民主進步黨,270,中國國民黨,1212,18,1230,0,1230,372,1602,76.78
鹿港鎮,玉順里,310,無黨籍及未經政黨推薦,858,民主進步黨,448,中國國民黨,1616,20,1636,0,1636,568,2204,74.23
鹿港鎮,景福里,356,無黨籍及未經政黨推薦,650,民主進步黨,466,中國國民黨,1472,16,1488,0,1488,502,1990,74.77
鹿港鎮,泰興里,384,無黨籍及未經政黨推薦,770,民主進步黨,500,中國國民黨,1654,20,1674,0,1674,520,2194,76.3
鹿港鎮,長興里,112,無黨籍及未經政黨推薦,142,民主進步黨,108,中國國民黨,362,2,364,0,364,150,514,70.82
鹿港鎮,龍山里,168,無黨籍及未經政黨推薦,396,民主進步黨,258,中國國民黨,822,10,832,0,832,330,1162,71.6
鹿港鎮,興化里,162,無黨籍及未經政黨推薦,374,民主進步黨,236,中國國民黨,772,14,786,0,786,308,1094,71.85
鹿港鎮,菜園里,290,無黨籍及未經政黨推薦,678,民主進步黨,254,中國國民黨,1222,8,1230,0,1230,382,1612,76.3
鹿港鎮,街尾里,846,無黨籍及未經政黨推薦,1402,民主進步黨,934,中國國民黨,3182,22,3204,0,3204,990,4194,76.39
鹿港鎮,頂番里,1724,無黨籍及未經政黨推薦,1752,民主進步黨,1942,中國國民黨,5418,40,5458,0,5458,2108,7566,72.14
鹿港鎮,頭崙里,1040,無黨籍及未經政黨推薦,1286,民主進步黨,1204,中國國民黨,3530,30,3560,0,3560,1428,4988,71.37
鹿港鎮,廖厝里,1986,無黨籍及未經政黨推薦,2088,民主進步黨,2014,中國國民黨,6088,36,6124,0,6124,2178,8302,73.77
鹿港鎮,溝墘里,1906,無黨籍及未經政黨推薦,1920,民主進步黨,2074,中國國民黨,5900,66,5966,0,5966,1960,7926,75.27
鹿港鎮,草中里,1280,無黨籍及未經政黨推薦,1564,民主進步黨,1528,中國國民黨,4372,42,4414,0,4414,1734,6148,71.8
鹿港鎮,頭南里,986,無黨籍及未經政黨推薦,960,民主進步黨,1120,中國國民黨,3066,30,3096,0,3096,1152,4248,72.88
鹿港鎮,山崙里,1126,無黨籍及未經政黨推薦,1778,民主進步黨,1278,中國國民黨,4182,14,4196,0,4196,1594,5790,72.47
鹿港鎮,海埔里,1398,無黨籍及未經政黨推薦,2070,民主進步黨,1326,中國國民黨,4794,58,4852,0,4852,2164,7016,69.16
鹿港鎮,詔安里,796,無黨籍及未經政黨推薦,1240,民主進步黨,880,中國國民黨,2916,40,2956,0,2956,1148,4104,72.03
鹿港鎮,洋厝里,920,無黨籍及未經政黨推薦,1396,民主進步黨,988,中國國民黨,3304,28,3332,0,3332,1304,4636,71.87
鹿港鎮,永安里,1686,無黨籍及未經政黨推薦,2664,民主進步黨,1746,中國國民黨,6096,36,6132,0,6132,2364,8496,72.18
鹿港鎮,鹿和里,1022,無黨籍及未經政黨推薦,1380,民主進步黨,872,中國國民黨,3274,46,3320,0,3320,1268,4588,72.36
鹿港鎮,鹿東里,1118,無黨籍及未經政黨推薦,1550,民主進步黨,1074,中國國民黨,3742,38,3780,0,3780,1248,5028,75.18
和美鎮,竹營里,2696,無黨籍及未經政黨推薦,3124,民主進步黨,2680,中國國民黨,8500,66,8566,0,8566,3268,11834,72.38
和美鎮,和東里,1884,無黨籍及未經政黨推薦,2342,民主進步黨,1984,中國國民黨,6210,62,6272,0,6272,2148,8420,74.49
和美鎮,和南里,160,無黨籍及未經政黨推薦,192,民主進步黨,200,中國國民黨,552,8,560,0,560,184,744,75.27
和美鎮,和北里,804,無黨籍及未經政黨推薦,970,民主進步黨,836,中國國民黨,2610,18,2628,0,2628,988,3616,72.68
和美鎮,和西里,1316,無黨籍及未經政黨推薦,1634,民主進步黨,1500,中國國民黨,4450,26,4476,0,4476,1574,6050,73.98
和美鎮,四張里,1278,無黨籍及未經政黨推薦,1474,民主進步黨,1176,中國國民黨,3928,48,3976,0,3976,1438,5414,73.44
和美鎮,頭前里,798,無黨籍及未經政黨推薦,678,民主進步黨,836,中國國民黨,2312,32,2344,0,2344,914,3258,71.95
和美鎮,還社里,380,無黨籍及未經政黨推薦,472,民主進步黨,416,中國國民黨,1268,18,1286,0,1286,372,1658,77.56
和美鎮,面前里,1106,無黨籍及未經政黨推薦,1076,民主進步黨,986,中國國民黨,3168,36,3204,0,3204,1008,4212,76.07
和美鎮,鎮平里,1326,無黨籍及未經政黨推薦,1558,民主進步黨,1306,中國國民黨,4190,42,4232,0,4232,1330,5562,76.09
和美鎮,大霞里,564,無黨籍及未經政黨推薦,680,民主進步黨,706,中國國民黨,1950,18,1968,0,1968,778,2746,71.67
和美鎮,源埤里,778,無黨籍及未經政黨推薦,920,民主進步黨,904,中國國民黨,2602,18,2620,0,2620,960,3580,73.18
和美鎮,南佃里,990,無黨籍及未經政黨推薦,1158,民主進步黨,1000,中國國民黨,3148,28,3176,0,3176,1134,4310,73.69
和美鎮,雅溝里,550,無黨籍及未經政黨推薦,692,民主進步黨,584,中國國民黨,1826,18,1844,0,1844,672,2516,73.29
和美鎮,山犁里,2570,無黨籍及未經政黨推薦,2668,民主進步黨,2462,中國國民黨,7700,76,7776,0,7776,2562,10338,75.22
和美鎮,嘉犁里,834,無黨籍及未經政黨推薦,920,民主進步黨,994,中國國民黨,2748,20,2768,0,2768,932,3700,74.81
和美鎮,鐵山里,1110,無黨籍及未經政黨推薦,1398,民主進步黨,1326,中國國民黨,3834,46,3880,0,3880,1210,5090,76.23
和美鎮,詔安里,834,無黨籍及未經政黨推薦,1036,民主進步黨,916,中國國民黨,2786,24,2810,0,2810,1070,3880,72.42
和美鎮,柑井里,1522,無黨籍及未經政黨推薦,1802,民主進步黨,1510,中國國民黨,4834,44,4878,0,4878,1870,6748,72.29
和美鎮,竹園里,432,無黨籍及未經政黨推薦,612,民主進步黨,406,中國國民黨,1450,6,1456,0,1456,350,1806,80.62
和美鎮,新庄里,1160,無黨籍及未經政黨推薦,1234,民主進步黨,1118,中國國民黨,3512,42,3554,0,3554,1120,4674,76.04
和美鎮,犁盛里,912,無黨籍及未經政黨推薦,1298,民主進步黨,1018,中國國民黨,3228,40,3268,0,3268,1104,4372,74.75
和美鎮,中寮里,458,無黨籍及未經政黨推薦,596,民主進步黨,432,中國國民黨,1486,20,1506,0,1506,596,2102,71.65
和美鎮,中圍里,1272,無黨籍及未經政黨推薦,1570,民主進步黨,1236,中國國民黨,4078,54,4132,0,4132,1398,5530,74.72
和美鎮,糖友里,2128,無黨籍及未經政黨推薦,1984,民主進步黨,2234,中國國民黨,6346,44,6390,0,6390,2190,8580,74.48
和美鎮,塗厝里,746,無黨籍及未經政黨推薦,724,民主進步黨,832,中國國民黨,2302,22,2324,0,2324,934,3258,71.33
和美鎮,地潭里,346,無黨籍及未經政黨推薦,316,民主進步黨,458,中國國民黨,1120,16,1136,0,1136,426,1562,72.73
和美鎮,湖內里,530,無黨籍及未經政黨推薦,812,民主進步黨,378,中國國民黨,1720,8,1728,0,1728,576,2304,75.0
和美鎮,嘉寶里,882,無黨籍及未經政黨推薦,958,民主進步黨,808,中國國民黨,2648,18,2666,0,2666,1160,3826,69.68
和美鎮,月眉里,1300,無黨籍及未經政黨推薦,1654,民主進步黨,1324,中國國民黨,4278,44,4322,0,4322,1506,5828,74.16
和美鎮,好修里,576,無黨籍及未經政黨推薦,890,民主進步黨,612,中國國民黨,2078,22,2100,0,2100,822,2922,71.87
和美鎮,仁愛里,1324,無黨籍及未經政黨推薦,1406,民主進步黨,1174,中國國民黨,3904,14,3918,0,3918,1546,5464,71.71
線西鄉,線西村,1116,無黨籍及未經政黨推薦,958,民主進步黨,1172,中國國民黨,3246,28,3274,0,3274,1148,4422,74.04
線西鄉,頂庄村,530,無黨籍及未經政黨推薦,446,民主進步黨,672,中國國民黨,1648,14,1662,0,1662,706,2368,70.19
線西鄉,寓埔村,1116,無黨籍及未經政黨推薦,1032,民主進步黨,1096,中國國民黨,3244,22,3266,0,3266,1200,4466,73.13
線西鄉,塭仔村,494,無黨籍及未經政黨推薦,634,民主進步黨,594,中國國民黨,1722,6,1728,0,1728,678,2406,71.82
線西鄉,溝內村,572,無黨籍及未經政黨推薦,496,民主進步黨,546,中國國民黨,1614,30,1644,0,1644,706,2350,69.96
線西鄉,下犁村,866,無黨籍及未經政黨推薦,892,民主進步黨,904,中國國民黨,2662,52,2714,0,2714,950,3664,74.07
線西鄉,頂犁村,1222,無黨籍及未經政黨推薦,974,民主進步黨,1296,中國國民黨,3492,36,3528,0,3528,1420,4948,71.3
線西鄉,德興村,618,無黨籍及未經政黨推薦,622,民主進步黨,674,中國國民黨,1914,24,1938,0,1938,724,2662,72.8
伸港鄉,曾家村,726,無黨籍及未經政黨推薦,870,民主進步黨,738,中國國民黨,2334,24,2358,0,2358,1034,3392,69.52
伸港鄉,蚵寮村,372,無黨籍及未經政黨推薦,856,民主進步黨,346,中國國民黨,1574,10,1584,0,1584,652,2236,70.84
伸港鄉,埤墘村,792,無黨籍及未經政黨推薦,794,民主進步黨,650,中國國民黨,2236,10,2246,0,2246,766,3012,74.57
伸港鄉,溪底村,1030,無黨籍及未經政黨推薦,1092,民主進步黨,808,中國國民黨,2930,16,2946,0,2946,1272,4218,69.84
伸港鄉,泉州村,918,無黨籍及未經政黨推薦,882,民主進步黨,1002,中國國民黨,2802,24,2826,0,2826,1016,3842,73.56
伸港鄉,泉厝村,526,無黨籍及未經政黨推薦,642,民主進步黨,610,中國國民黨,1778,6,1784,0,1784,654,2438,73.17
伸港鄉,海尾村,754,無黨籍及未經政黨推薦,878,民主進步黨,894,中國國民黨,2526,36,2562,0,2562,950,3512,72.95
伸港鄉,全興村,740,無黨籍及未經政黨推薦,550,民主進步黨,964,中國國民黨,2254,42,2296,0,2296,988,3284,69.91
伸港鄉,定興村,1200,無黨籍及未經政黨推薦,1198,民主進步黨,1194,中國國民黨,3592,38,3630,0,3630,1604,5234,69.35
伸港鄉,新港村,2360,無黨籍及未經政黨推薦,2546,民主進步黨,2428,中國國民黨,7334,64,7398,0,7398,2906,10304,71.8
伸港鄉,什股村,1322,無黨籍及未經政黨推薦,966,民主進步黨,1236,中國國民黨,3524,48,3572,0,3572,1450,5022,71.13
伸港鄉,大同村,1614,無黨籍及未經政黨推薦,1444,民主進步黨,1246,中國國民黨,4304,24,4328,0,4328,1468,5796,74.67
伸港鄉,七嘉村,1466,無黨籍及未經政黨推薦,1478,民主進步黨,1424,中國國民黨,4368,24,4392,0,4392,1630,6022,72.93
伸港鄉,汴頭村,1088,無黨籍及未經政黨推薦,1028,民主進步黨,1082,中國國民黨,3198,32,3230,0,3230,1102,4332,74.56
福興鄉,番社村,520,無黨籍及未經政黨推薦,1124,民主進步黨,468,中國國民黨,2112,26,2138,0,2138,704,2842,75.23
福興鄉,社尾村,574,無黨籍及未經政黨推薦,876,民主進步黨,522,中國國民黨,1972,10,1982,0,1982,806,2788,71.09
福興鄉,大崙村,586,無黨籍及未經政黨推薦,690,民主進步黨,488,中國國民黨,1764,26,1790,0,1790,616,2406,74.4
福興鄉,外埔村,634,無黨籍及未經政黨推薦,880,民主進步黨,532,中國國民黨,2046,22,2068,0,2068,880,2948,70.15
福興鄉,外中村,478,無黨籍及未經政黨推薦,766,民主進步黨,418,中國國民黨,1662,34,1696,0,1696,608,2304,73.61
福興鄉,元中村,468,無黨籍及未經政黨推薦,670,民主進步黨,552,中國國民黨,1690,16,1706,0,1706,698,2404,70.97
福興鄉,三汴村,558,無黨籍及未經政黨推薦,858,民主進步黨,444,中國國民黨,1860,26,1886,0,1886,686,2572,73.33
福興鄉,萬豐村,298,無黨籍及未經政黨推薦,526,民主進步黨,360,中國國民黨,1184,16,1200,0,1200,380,1580,75.95
福興鄉,番婆村,860,無黨籍及未經政黨推薦,1260,民主進步黨,1004,中國國民黨,3124,46,3170,0,3170,1542,4712,67.28
福興鄉,橋頭村,1068,無黨籍及未經政黨推薦,1472,民主進步黨,1090,中國國民黨,3630,30,3660,0,3660,1444,5104,71.71
福興鄉,秀厝村,1156,無黨籍及未經政黨推薦,1526,民主進步黨,1008,中國國民黨,3690,42,3732,0,3732,1308,5040,74.05
福興鄉,鎮平村,434,無黨籍及未經政黨推薦,540,民主進步黨,544,中國國民黨,1518,24,1542,0,1542,712,2254,68.41
福興鄉,三和村,348,無黨籍及未經政黨推薦,760,民主進步黨,340,中國國民黨,1448,14,1462,0,1462,544,2006,72.88
福興鄉,麥厝村,790,無黨籍及未經政黨推薦,1160,民主進步黨,740,中國國民黨,2690,44,2734,0,2734,1398,4132,66.17
福興鄉,廈粘村,744,無黨籍及未經政黨推薦,956,民主進步黨,852,中國國民黨,2552,26,2578,0,2578,1068,3646,70.71
福興鄉,頂粘村,954,無黨籍及未經政黨推薦,1008,民主進步黨,1116,中國國民黨,3078,20,3098,0,3098,1350,4448,69.65
福興鄉,福寶村,478,無黨籍及未經政黨推薦,474,民主進步黨,624,中國國民黨,1576,22,1598,0,1598,798,2396,66.69
福興鄉,二港村,442,無黨籍及未經政黨推薦,782,民主進步黨,554,中國國民黨,1778,18,1796,0,1796,678,2474,72.59
福興鄉,福興村,1458,無黨籍及未經政黨推薦,2160,民主進步黨,1468,中國國民黨,5086,32,5118,0,5118,1970,7088,72.21
福興鄉,福南村,972,無黨籍及未經政黨推薦,1362,民主進步黨,1058,中國國民黨,3392,26,3418,0,3418,1594,5012,68.2
福興鄉,同安村,912,無黨籍及未經政黨推薦,1296,民主進步黨,904,中國國民黨,3112,38,3150,0,3150,1336,4486,70.22
福興鄉,西勢村,756,無黨籍及未經政黨推薦,1110,民主進步黨,794,中國國民黨,2660,28,2688,0,2688,1018,3706,72.53
秀水鄉,秀水村,692,無黨籍及未經政黨推薦,1012,民主進步黨,678,中國國民黨,2382,24,2406,0,2406,870,3276,73.44
秀水鄉,安溪村,922,無黨籍及未經政黨推薦,1204,民主進步黨,838,中國國民黨,2964,32,2996,0,2996,1034,4030,74.34
秀水鄉,莊雅村,1194,無黨籍及未經政黨推薦,1322,民主進步黨,1336,中國國民黨,3852,24,3876,0,3876,1318,5194,74.62
秀水鄉,金興村,820,無黨籍及未經政黨推薦,848,民主進步黨,918,中國國民黨,2586,26,2612,0,2612,920,3532,73.95
秀水鄉,陝西村,562,無黨籍及未經政黨推薦,714,民主進步黨,724,中國國民黨,2000,4,2004,0,2004,766,2770,72.35
秀水鄉,安東村,1640,無黨籍及未經政黨推薦,2064,民主進步黨,1780,中國國民黨,5484,50,5534,0,5534,1924,7458,74.2
秀水鄉,鶴鳴村,1332,無黨籍及未經政黨推薦,1768,民主進步黨,1426,中國國民黨,4526,34,4560,0,4560,1550,6110,74.63
秀水鄉,馬興村,1030,無黨籍及未經政黨推薦,1276,民主進步黨,972,中國國民黨,3278,18,3296,0,3296,1078,4374,75.35
秀水鄉,義興村,716,無黨籍及未經政黨推薦,704,民主進步黨,640,中國國民黨,2060,16,2076,0,2076,784,2860,72.59
秀水鄉,福安村,2046,無黨籍及未經政黨推薦,2406,民主進步黨,2114,中國國民黨,6566,60,6626,0,6626,2256,8882,74.6
秀水鄉,埔崙村,812,無黨籍及未經政黨推薦,1148,民主進步黨,918,中國國民黨,2878,14,2892,0,2892,906,3798,76.15
秀水鄉,曾厝村,806,無黨籍及未經政黨推薦,938,民主進步黨,840,中國國民黨,2584,24,2608,0,2608,834,3442,75.77
秀水鄉,金陵村,662,無黨籍及未經政黨推薦,1074,民主進步黨,714,中國國民黨,2450,20,2470,0,2470,896,3366,73.38
秀水鄉,下崙村,888,無黨籍及未經政黨推薦,1250,民主進步黨,892,中國國民黨,3030,16,3046,0,3046,1084,4130,73.75
花壇鄉,花壇村,1466,無黨籍及未經政黨推薦,1650,民主進步黨,1568,中國國民黨,4684,38,4722,0,4722,1440,6162,76.63
花壇鄉,金墩村,756,無黨籍及未經政黨推薦,926,民主進步黨,784,中國國民黨,2466,18,2484,0,2484,856,3340,74.37
花壇鄉,中庄村,966,無黨籍及未經政黨推薦,1146,民主進步黨,1152,中國國民黨,3264,26,3290,0,3290,1204,4494,73.21
花壇鄉,劉厝村,412,無黨籍及未經政黨推薦,672,民主進步黨,492,中國國民黨,1576,16,1592,0,1592,438,2030,78.42
花壇鄉,崙雅村,568,無黨籍及未經政黨推薦,864,民主進步黨,664,中國國民黨,2096,18,2114,0,2114,644,2758,76.65
花壇鄉,南口村,874,無黨籍及未經政黨推薦,886,民主進步黨,914,中國國民黨,2674,28,2702,0,2702,966,3668,73.66
花壇鄉,中口村,226,無黨籍及未經政黨推薦,428,民主進步黨,324,中國國民黨,978,4,982,0,982,400,1382,71.06
花壇鄉,北口村,798,無黨籍及未經政黨推薦,898,民主進步黨,834,中國國民黨,2530,42,2572,0,2572,974,3546,72.53
花壇鄉,長沙村,2100,無黨籍及未經政黨推薦,2302,民主進步黨,2550,中國國民黨,6952,52,7004,0,7004,2556,9560,73.26
花壇鄉,文德村,1472,無黨籍及未經政黨推薦,1624,民主進步黨,1450,中國國民黨,4546,28,4574,0,4574,1594,6168,74.16
花壇鄉,白沙村,1876,無黨籍及未經政黨推薦,2252,民主進步黨,2368,中國國民黨,6496,48,6544,0,6544,2362,8906,73.48
花壇鄉,岩竹村,508,無黨籍及未經政黨推薦,768,民主進步黨,576,中國國民黨,1852,22,1874,0,1874,682,2556,73.32
花壇鄉,橋頭村,1390,無黨籍及未經政黨推薦,1426,民主進步黨,1718,中國國民黨,4534,32,4566,0,4566,1766,6332,72.11
花壇鄉,灣雅村,358,無黨籍及未經政黨推薦,414,民主進步黨,486,中國國民黨,1258,18,1276,0,1276,440,1716,74.36
花壇鄉,灣東村,344,無黨籍及未經政黨推薦,478,民主進步黨,446,中國國民黨,1268,6,1274,0,1274,472,1746,72.97
花壇鄉,三春村,784,無黨籍及未經政黨推薦,924,民主進步黨,926,中國國民黨,2634,28,2662,0,2662,1048,3710,71.75
花壇鄉,永春村,874,無黨籍及未經政黨推薦,766,民主進步黨,938,中國國民黨,2578,22,2600,0,2600,1086,3686,70.54
花壇鄉,長春村,702,無黨籍及未經政黨推薦,686,民主進步黨,712,中國國民黨,2100,16,2116,0,2116,994,3110,68.04
芬園鄉,舊社村,730,無黨籍及未經政黨推薦,908,民主進步黨,782,中國國民黨,2420,26,2446,0,2446,920,3366,72.67
芬園鄉,大埔村,526,無黨籍及未經政黨推薦,686,民主進步黨,644,中國國民黨,1856,8,1864,0,1864,756,2620,71.15
芬園鄉,竹林村,766,無黨籍及未經政黨推薦,906,民主進步黨,806,中國國民黨,2478,8,2486,0,2486,908,3394,73.25
芬園鄉,社口村,952,無黨籍及未經政黨推薦,1376,民主進步黨,1154,中國國民黨,3482,26,3508,0,3508,1306,4814,72.87
芬園鄉,茄荖村,874,無黨籍及未經政黨推薦,1360,民主進步黨,906,中國國民黨,3140,30,3170,0,3170,1310,4480,70.76
芬園鄉,嘉興村,640,無黨籍及未經政黨推薦,896,民主進步黨,818,中國國民黨,2354,14,2368,0,2368,754,3122,75.85
芬園鄉,芬園村,286,無黨籍及未經政黨推薦,500,民主進步黨,356,中國國民黨,1142,8,1150,0,1150,508,1658,69.36
芬園鄉,縣庄村,468,無黨籍及未經政黨推薦,714,民主進步黨,394,中國國民黨,1576,16,1592,0,1592,586,2178,73.09
芬園鄉,圳墘村,232,無黨籍及未經政黨推薦,400,民主進步黨,210,中國國民黨,842,14,856,0,856,370,1226,69.82
芬園鄉,溪頭村,642,無黨籍及未經政黨推薦,990,民主進步黨,664,中國國民黨,2296,14,2310,0,2310,888,3198,72.23
芬園鄉,進芬村,336,無黨籍及未經政黨推薦,496,民主進步黨,446,中國國民黨,1278,16,1294,0,1294,514,1808,71.57
芬園鄉,同安村,362,無黨籍及未經政黨推薦,706,民主進步黨,430,中國國民黨,1498,32,1530,0,1530,652,2182,70.12
芬園鄉,中崙村,230,無黨籍及未經政黨推薦,524,民主進步黨,308,中國國民黨,1062,6,1068,0,1068,520,1588,67.25
芬園鄉,大竹村,298,無黨籍及未經政黨推薦,612,民主進步黨,348,中國國民黨,1258,10,1268,0,1268,580,1848,68.61
芬園鄉,楓坑村,224,無黨籍及未經政黨推薦,316,民主進步黨,240,中國國民黨,780,8,788,0,788,296,1084,72.69
員林市,東和里,434,無黨籍及未經政黨推薦,438,民主進步黨,548,中國國民黨,1420,10,1430,0,1430,566,1996,71.64
員林市,民生里,1020,無黨籍及未經政黨推薦,1396,民主進步黨,1298,中國國民黨,3714,40,3754,0,3754,1392,5146,72.95
員林市,中正里,1300,無黨籍及未經政黨推薦,1562,民主進步黨,1564,中國國民黨,4426,20,4446,0,4446,1490,5936,74.9
員林市,仁美里,846,無黨籍及未經政黨推薦,1314,民主進步黨,1310,中國國民黨,3470,10,3480,0,3480,1364,4844,71.84
員林市,新興里,228,無黨籍及未經政黨推薦,432,民主進步黨,330,中國國民黨,990,10,1000,0,1000,320,1320,75.76
員林市,和平里,1108,無黨籍及未經政黨推薦,1400,民主進步黨,1384,中國國民黨,3892,30,3922,0,3922,1520,5442,72.07
員林市,光明里,280,無黨籍及未經政黨推薦,434,民主進步黨,398,中國國民黨,1112,10,1122,0,1122,344,1466,76.53
員林市,中山里,196,無黨籍及未經政黨推薦,302,民主進步黨,298,中國國民黨,796,8,804,0,804,264,1068,75.28
員林市,黎明里,654,無黨籍及未經政黨推薦,876,民主進步黨,836,中國國民黨,2366,10,2376,0,2376,1078,3454,68.79
員林市,惠來里,2350,無黨籍及未經政黨推薦,3080,民主進步黨,2670,中國國民黨,8100,66,8166,0,8166,2800,10966,74.47
員林市,三義里,1032,無黨籍及未經政黨推薦,1246,民主進步黨,1128,中國國民黨,3406,22,3428,0,3428,1300,4728,72.5
員林市,新生里,1634,無黨籍及未經政黨推薦,2294,民主進步黨,2050,中國國民黨,5978,26,6004,0,6004,1940,7944,75.58
員林市,南平里,2468,無黨籍及未經政黨推薦,2974,民主進步黨,2606,中國國民黨,8048,38,8086,0,8086,2728,10814,74.77
員林市,南興里,2028,無黨籍及未經政黨推薦,2392,民主進步黨,2354,中國國民黨,6774,38,6812,0,6812,2520,9332,73.0
員林市,源潭里,696,無黨籍及未經政黨推薦,998,民主進步黨,634,中國國民黨,2328,24,2352,0,2352,878,3230,72.82
員林市,大埔里,738,無黨籍及未經政黨推薦,1122,民主進步黨,1010,中國國民黨,2870,28,2898,0,2898,1172,4070,71.2
員林市,三條里,1128,無黨籍及未經政黨推薦,1496,民主進步黨,1426,中國國民黨,4050,30,4080,0,4080,1268,5348,76.29
員林市,三和里,2618,無黨籍及未經政黨推薦,3128,民主進步黨,2996,中國國民黨,8742,64,8806,0,8806,3322,12128,72.61
員林市,三橋里,1334,無黨籍及未經政黨推薦,1644,民主進步黨,1494,中國國民黨,4472,22,4494,0,4494,1304,5798,77.51
員林市,中央里,790,無黨籍及未經政黨推薦,1132,民主進步黨,954,中國國民黨,2876,16,2892,0,2892,900,3792,76.27
員林市,溝皂里,1196,無黨籍及未經政黨推薦,1478,民主進步黨,1258,中國國民黨,3932,14,3946,0,3946,1176,5122,77.04
員林市,大饒里,1236,無黨籍及未經政黨推薦,1844,民主進步黨,1682,中國國民黨,4762,34,4796,0,4796,1788,6584,72.84
員林市,大明里,960,無黨籍及未經政黨推薦,1368,民主進步黨,1012,中國國民黨,3340,36,3376,0,3376,1076,4452,75.83
員林市,萬年里,1540,無黨籍及未經政黨推薦,1962,民主進步黨,1928,中國國民黨,5430,34,5464,0,5464,1782,7246,75.41
員林市,崙雅里,868,無黨籍及未經政黨推薦,1080,民主進步黨,1306,中國國民黨,3254,36,3290,0,3290,1108,4398,74.81
員林市,振興里,1158,無黨籍及未經政黨推薦,1332,民主進步黨,1256,中國國民黨,3746,44,3790,0,3790,1462,5252,72.16
員林市,林厝里,1102,無黨籍及未經政黨推薦,1454,民主進步黨,1104,中國國民黨,3660,24,3684,0,3684,1688,5372,68.58
員林市,出水里,646,無黨籍及未經政黨推薦,1022,民主進步黨,690,中國國民黨,2358,26,2384,0,2384,990,3374,70.66
員林市,湖水里,430,無黨籍及未經政黨推薦,684,民主進步黨,390,中國國民黨,1504,12,1516,0,1516,710,2226,68.1
員林市,大峯里,264,無黨籍及未經政黨推薦,312,民主進步黨,458,中國國民黨,1034,12,1046,0,1046,340,1386,75.47
員林市,鎮興里,762,無黨籍及未經政黨推薦,1056,民主進步黨,848,中國國民黨,2666,20,2686,0,2686,1136,3822,70.28
員林市,浮圳里,878,無黨籍及未經政黨推薦,1102,民主進步黨,1044,中國國民黨,3024,30,3054,0,3054,1198,4252,71.83
員林市,西東里,732,無黨籍及未經政黨推薦,1178,民主進步黨,742,中國國民黨,2652,30,2682,0,2682,1012,3694,72.6
員林市,南東里,708,無黨籍及未經政黨推薦,910,民主進步黨,732,中國國民黨,2350,24,2374,0,2374,960,3334,71.21
員林市,中東里,756,無黨籍及未經政黨推薦,830,民主進步黨,764,中國國民黨,2350,18,2368,0,2368,1032,3400,69.65
員林市,東北里,954,無黨籍及未經政黨推薦,1130,民主進步黨,1004,中國國民黨,3088,40,3128,0,3128,1218,4346,71.97
員林市,三愛里,1456,無黨籍及未經政黨推薦,1596,民主進步黨,1448,中國國民黨,4500,22,4522,0,4522,1338,5860,77.17
員林市,三信里,940,無黨籍及未經政黨推薦,1134,民主進步黨,1278,中國國民黨,3352,28,3380,0,3380,1064,4444,76.06
員林市,三多里,1256,無黨籍及未經政黨推薦,1550,民主進步黨,1330,中國國民黨,4136,22,4158,0,4158,1286,5444,76.38
員林市,仁愛里,540,無黨籍及未經政黨推薦,754,民主進步黨,666,中國國民黨,1960,8,1968,0,1968,576,2544,77.36
員林市,忠孝里,834,無黨籍及未經政黨推薦,1116,民主進步黨,1062,中國國民黨,3012,26,3038,0,3038,1220,4258,71.35
溪湖鎮,光平里,432,無黨籍及未經政黨推薦,632,民主進步黨,584,中國國民黨,1648,18,1666,0,1666,588,2254,73.91
溪湖鎮,平和里,212,無黨籍及未經政黨推薦,356,民主進步黨,342,中國國民黨,910,6,916,0,916,262,1178,77.76
溪湖鎮,太平里,712,無黨籍及未經政黨推薦,780,民主進步黨,946,中國國民黨,2438,2,2440,0,2440,918,3358,72.66
溪湖鎮,光華里,164,無黨籍及未經政黨推薦,192,民主進步黨,262,中國國民黨,618,8,626,0,626,188,814,76.9
溪湖鎮,東寮里,1514,無黨籍及未經政黨推薦,1614,民主進步黨,1822,中國國民黨,4950,34,4984,0,4984,1882,6866,72.59
溪湖鎮,西寮里,944,無黨籍及未經政黨推薦,1092,民主進步黨,1140,中國國民黨,3176,30,3206,0,3206,1002,4208,76.19
溪湖鎮,大突里,1602,無黨籍及未經政黨推薦,1566,民主進步黨,1776,中國國民黨,4944,34,4978,0,4978,1860,6838,72.8
溪湖鎮,北勢里,594,無黨籍及未經政黨推薦,780,民主進步黨,644,中國國民黨,2018,26,2044,0,2044,730,2774,73.68
溪湖鎮,汴頭里,1302,無黨籍及未經政黨推薦,1580,民主進步黨,1380,中國國民黨,4262,28,4290,0,4290,1578,5868,73.11
溪湖鎮,大竹里,978,無黨籍及未經政黨推薦,1236,民主進步黨,1216,中國國民黨,3430,30,3460,0,3460,1300,4760,72.69
溪湖鎮,湖西里,926,無黨籍及未經政黨推薦,1110,民主進步黨,1120,中國國民黨,3156,28,3184,0,3184,1246,4430,71.87
溪湖鎮,田中里,274,無黨籍及未經政黨推薦,520,民主進步黨,342,中國國民黨,1136,16,1152,0,1152,418,1570,73.38
溪湖鎮,河東里,722,無黨籍及未經政黨推薦,932,民主進步黨,812,中國國民黨,2466,26,2492,0,2492,1008,3500,71.2
溪湖鎮,中山里,868,無黨籍及未經政黨推薦,1162,民主進步黨,1154,中國國民黨,3184,24,3208,0,3208,1240,4448,72.12
溪湖鎮,中竹里,320,無黨籍及未經政黨推薦,402,民主進步黨,372,中國國民黨,1094,0,1094,0,1094,404,1498,73.03
溪湖鎮,東溪里,604,無黨籍及未經政黨推薦,816,民主進步黨,476,中國國民黨,1896,10,1906,0,1906,750,2656,71.76
溪湖鎮,西溪里,804,無黨籍及未經政黨推薦,906,民主進步黨,860,中國國民黨,2570,26,2596,0,2596,864,3460,75.03
溪湖鎮,湖東里,1958,無黨籍及未經政黨推薦,2414,民主進步黨,2072,中國國民黨,6444,42,6486,0,6486,2378,8864,73.17
溪湖鎮,頂庄里,304,無黨籍及未經政黨推薦,280,民主進步黨,308,中國國民黨,892,2,894,0,894,398,1292,69.2
溪湖鎮,忠覺里,516,無黨籍及未經政黨推薦,598,民主進步黨,618,中國國民黨,1732,14,1746,0,1746,634,2380,73.36
溪湖鎮,湳底里,260,無黨籍及未經政黨推薦,380,民主進步黨,290,中國國民黨,930,12,942,0,942,336,1278,73.71
溪湖鎮,大庭里,526,無黨籍及未經政黨推薦,658,民主進步黨,686,中國國民黨,1870,26,1896,0,1896,734,2630,72.09
溪湖鎮,媽厝里,442,無黨籍及未經政黨推薦,732,民主進步黨,440,中國國民黨,1614,30,1644,0,1644,752,2396,68.61
溪湖鎮,西勢里,948,無黨籍及未經政黨推薦,1086,民主進步黨,886,中國國民黨,2920,42,2962,0,2962,1288,4250,69.69
溪湖鎮,番婆里,654,無黨籍及未經政黨推薦,894,民主進步黨,802,中國國民黨,2350,26,2376,0,2376,1006,3382,70.25
田中鎮,香山里,306,無黨籍及未經政黨推薦,442,民主進步黨,322,中國國民黨,1070,8,1078,0,1078,510,1588,67.88
田中鎮,碧峰里,290,無黨籍及未經政黨推薦,424,民主進步黨,510,中國國民黨,1224,14,1238,0,1238,684,1922,64.41
田中鎮,東源里,254,無黨籍及未經政黨推薦,370,民主進步黨,408,中國國民黨,1032,14,1046,0,1046,406,1452,72.04
田中鎮,復興里,540,無黨籍及未經政黨推薦,704,民主進步黨,782,中國國民黨,2026,20,2046,0,2046,806,2852,71.74
田中鎮,平和里,578,無黨籍及未經政黨推薦,668,民主進步黨,662,中國國民黨,1908,26,1934,0,1934,848,2782,69.52
田中鎮,頂潭里,396,無黨籍及未經政黨推薦,716,民主進步黨,564,中國國民黨,1676,8,1684,0,1684,688,2372,70.99
田中鎮,中潭里,728,無黨籍及未經政黨推薦,910,民主進步黨,758,中國國民黨,2396,18,2414,0,2414,1004,3418,70.63
田中鎮,龍潭里,214,無黨籍及未經政黨推薦,332,民主進步黨,248,中國國民黨,794,4,798,0,798,292,1090,73.21
田中鎮,北路里,1316,無黨籍及未經政黨推薦,1632,民主進步黨,1780,中國國民黨,4728,44,4772,0,4772,1758,6530,73.08
田中鎮,西路里,906,無黨籍及未經政黨推薦,1320,民主進步黨,1162,中國國民黨,3388,28,3416,0,3416,1226,4642,73.59
田中鎮,東路里,342,無黨籍及未經政黨推薦,586,民主進步黨,474,中國國民黨,1402,12,1414,0,1414,568,1982,71.34
田中鎮,南路里,416,無黨籍及未經政黨推薦,618,民主進步黨,540,中國國民黨,1574,8,1582,0,1582,554,2136,74.06
田中鎮,中路里,670,無黨籍及未經政黨推薦,1040,民主進步黨,1046,中國國民黨,2756,36,2792,0,2792,944,3736,74.73
田中鎮,新庄里,930,無黨籍及未經政黨推薦,1278,民主進步黨,1270,中國國民黨,3478,36,3514,0,3514,1192,4706,74.67
田中鎮,三安里,494,無黨籍及未經政黨推薦,928,民主進步黨,634,中國國民黨,2056,18,2074,0,2074,898,2972,69.78
田中鎮,大崙里,468,無黨籍及未經政黨推薦,726,民主進步黨,510,中國國民黨,1704,18,1722,0,1722,788,2510,68.61
田中鎮,沙崙里,724,無黨籍及未經政黨推薦,958,民主進步黨,814,中國國民黨,2496,20,2516,0,2516,1106,3622,69.46
田中鎮,新民里,1742,無黨籍及未經政黨推薦,2110,民主進步黨,2096,中國國民黨,5948,46,5994,0,5994,2162,8156,73.49
田中鎮,梅州里,480,無黨籍及未經政黨推薦,744,民主進步黨,484,中國國民黨,1708,10,1718,0,1718,762,2480,69.27
田中鎮,三民里,544,無黨籍及未經政黨推薦,720,民主進步黨,756,中國國民黨,2020,26,2046,0,2046,946,2992,68.38
田中鎮,三光里,328,無黨籍及未經政黨推薦,464,民主進步黨,404,中國國民黨,1196,14,1210,0,1210,498,1708,70.84
田中鎮,大社里,316,無黨籍及未經政黨推薦,510,民主進步黨,364,中國國民黨,1190,10,1200,0,1200,438,1638,73.26
大村鄉,大村村,1806,無黨籍及未經政黨推薦,1926,民主進步黨,1640,中國國民黨,5372,42,5414,0,5414,1840,7254,74.63
大村鄉,茄苳村,636,無黨籍及未經政黨推薦,868,民主進步黨,724,中國國民黨,2228,18,2246,0,2246,784,3030,74.13
大村鄉,南勢村,702,無黨籍及未經政黨推薦,818,民主進步黨,646,中國國民黨,2166,16,2182,0,2182,734,2916,74.83
大村鄉,田洋村,562,無黨籍及未經政黨推薦,608,民主進步黨,576,中國國民黨,1746,8,1754,0,1754,682,2436,72.0
大村鄉,新興村,486,無黨籍及未經政黨推薦,690,民主進步黨,500,中國國民黨,1676,16,1692,0,1692,686,2378,71.15
大村鄉,過溝村,1646,無黨籍及未經政黨推薦,1504,民主進步黨,1624,中國國民黨,4774,42,4816,0,4816,1548,6364,75.68
大村鄉,美港村,1336,無黨籍及未經政黨推薦,1752,民主進步黨,1344,中國國民黨,4432,36,4468,0,4468,1642,6110,73.13
大村鄉,平和村,1230,無黨籍及未經政黨推薦,1406,民主進步黨,1072,中國國民黨,3708,24,3732,0,3732,1462,5194,71.85
大村鄉,貢旗村,728,無黨籍及未經政黨推薦,896,民主進步黨,704,中國國民黨,2328,14,2342,0,2342,808,3150,74.35
大村鄉,加錫村,830,無黨籍及未經政黨推薦,872,民主進步黨,704,中國國民黨,2406,30,2436,0,2436,888,3324,73.29
大村鄉,村上村,568,無黨籍及未經政黨推薦,804,民主進步黨,724,中國國民黨,2096,16,2112,0,2112,778,2890,73.08
大村鄉,大橋村,798,無黨籍及未經政黨推薦,1022,民主進步黨,1040,中國國民黨,2860,24,2884,0,2884,1082,3966,72.72
大村鄉,大崙村,730,無黨籍及未經政黨推薦,910,民主進步黨,718,中國國民黨,2358,22,2380,0,2380,898,3278,72.61
大村鄉,擺塘村,1180,無黨籍及未經政黨推薦,1574,民主進步黨,1128,中國國民黨,3882,42,3924,0,3924,1404,5328,73.65
大村鄉,黃厝村,1046,無黨籍及未經政黨推薦,1258,民主進步黨,1118,中國國民黨,3422,32,3454,0,3454,1544,4998,69.11
大村鄉,福興村,938,無黨籍及未經政黨推薦,1142,民主進步黨,970,中國國民黨,3050,30,3080,0,3080,1256,4336,71.03
埔鹽鄉,埔鹽村,712,無黨籍及未經政黨推薦,830,民主進步黨,898,中國國民黨,2440,28,2468,0,2468,772,3240,76.17
埔鹽鄉,埔南村,586,無黨籍及未經政黨推薦,806,民主進步黨,804,中國國民黨,2196,10,2206,0,2206,796,3002,73.48
埔鹽鄉,廍子村,534,無黨籍及未經政黨推薦,560,民主進步黨,694,中國國民黨,1788,12,1800,0,1800,590,2390,75.31
埔鹽鄉,出水村,356,無黨籍及未經政黨推薦,416,民主進步黨,510,中國國民黨,1282,2,1284,0,1284,452,1736,73.96
埔鹽鄉,南港村,788,無黨籍及未經政黨推薦,796,民主進步黨,894,中國國民黨,2478,24,2502,0,2502,932,3434,72.86
埔鹽鄉,打廉村,360,無黨籍及未經政黨推薦,480,民主進步黨,402,中國國民黨,1242,16,1258,0,1258,528,1786,70.44
埔鹽鄉,豐澤村,474,無黨籍及未經政黨推薦,666,民主進步黨,666,中國國民黨,1806,14,1820,0,1820,706,2526,72.05
埔鹽鄉,崑崙村,378,無黨籍及未經政黨推薦,520,民主進步黨,614,中國國民黨,1512,8,1520,0,1520,532,2052,74.07
埔鹽鄉,角樹村,236,無黨籍及未經政黨推薦,332,民主進步黨,382,中國國民黨,950,12,962,0,962,342,1304,73.77
埔鹽鄉,瓦磘村,490,無黨籍及未經政黨推薦,618,民主進步黨,614,中國國民黨,1722,14,1736,0,1736,606,2342,74.12
埔鹽鄉,好修村,890,無黨籍及未經政黨推薦,728,民主進步黨,972,中國國民黨,2590,6,2596,0,2596,1072,3668,70.77
埔鹽鄉,西湖村,746,無黨籍及未經政黨推薦,946,民主進步黨,1040,中國國民黨,2732,22,2754,0,2754,1178,3932,70.04
埔鹽鄉,大有村,436,無黨籍及未經政黨推薦,622,民主進步黨,556,中國國民黨,1614,14,1628,0,1628,644,2272,71.65
埔鹽鄉,新興村,174,無黨籍及未經政黨推薦,184,民主進步黨,292,中國國民黨,650,4,654,0,654,194,848,77.12
埔鹽鄉,永平村,408,無黨籍及未經政黨推薦,474,民主進步黨,572,中國國民黨,1454,14,1468,0,1468,660,2128,68.98
埔鹽鄉,永樂村,308,無黨籍及未經政黨推薦,424,民主進步黨,442,中國國民黨,1174,12,1186,0,1186,434,1620,73.21
埔鹽鄉,石埤村,586,無黨籍及未經政黨推薦,738,民主進步黨,552,中國國民黨,1876,24,1900,0,1900,860,2760,68.84
埔鹽鄉,天盛村,312,無黨籍及未經政黨推薦,320,民主進步黨,492,中國國民黨,1124,12,1136,0,1136,458,1594,71.27
埔鹽鄉,太平村,516,無黨籍及未經政黨推薦,692,民主進步黨,820,中國國民黨,2028,22,2050,0,2050,932,2982,68.75
埔鹽鄉,新水村,530,無黨籍及未經政黨推薦,452,民主進步黨,980,中國國民黨,1962,22,1984,0,1984,896,2880,68.89
埔鹽鄉,三省村,492,無黨籍及未經政黨推薦,610,民主進步黨,712,中國國民黨,1814,24,1838,0,1838,780,2618,70.21
埔鹽鄉,南新村,524,無黨籍及未經政黨推薦,514,民主進步黨,762,中國國民黨,1800,14,1814,0,1814,742,2556,70.97
埔心鄉,東門村,1512,無黨籍及未經政黨推薦,1966,民主進步黨,1636,中國國民黨,5114,32,5146,0,5146,1590,6736,76.4
埔心鄉,埔心村,442,無黨籍及未經政黨推薦,720,民主進步黨,540,中國國民黨,1702,8,1710,0,1710,606,2316,73.83
埔心鄉,義民村,654,無黨籍及未經政黨推薦,830,民主進步黨,788,中國國民黨,2272,26,2298,0,2298,742,3040,75.59
埔心鄉,油車村,474,無黨籍及未經政黨推薦,650,民主進步黨,622,中國國民黨,1746,22,1768,0,1768,614,2382,74.22
埔心鄉,瓦北村,718,無黨籍及未經政黨推薦,1050,民主進步黨,728,中國國民黨,2496,24,2520,0,2520,834,3354,75.13
埔心鄉,瓦中村,946,無黨籍及未經政黨推薦,1134,民主進步黨,834,中國國民黨,2914,24,2938,0,2938,1126,4064,72.29
埔心鄉,瓦南村,626,無黨籍及未經政黨推薦,834,民主進步黨,638,中國國民黨,2098,22,2120,0,2120,676,2796,75.82
埔心鄉,太平村,858,無黨籍及未經政黨推薦,1096,民主進步黨,890,中國國民黨,2844,26,2870,0,2870,1054,3924,73.14
埔心鄉,經口村,926,無黨籍及未經政黨推薦,1396,民主進步黨,954,中國國民黨,3276,26,3302,0,3302,1268,4570,72.25
埔心鄉,大華村,272,無黨籍及未經政黨推薦,368,民主進步黨,290,中國國民黨,930,14,944,0,944,326,1270,74.33
埔心鄉,仁里村,536,無黨籍及未經政黨推薦,616,民主進步黨,590,中國國民黨,1742,12,1754,0,1754,672,2426,72.3
埔心鄉,舊舘村,656,無黨籍及未經政黨推薦,852,民主進步黨,634,中國國民黨,2142,20,2162,0,2162,758,2920,74.04
埔心鄉,南舘村,418,無黨籍及未經政黨推薦,600,民主進步黨,438,中國國民黨,1456,4,1460,0,1460,558,2018,72.35
埔心鄉,新舘村,470,無黨籍及未經政黨推薦,480,民主進步黨,390,中國國民黨,1340,8,1348,0,1348,574,1922,70.14
埔心鄉,羅厝村,458,無黨籍及未經政黨推薦,818,民主進步黨,494,中國國民黨,1770,12,1782,0,1782,748,2530,70.43
埔心鄉,芎蕉村,872,無黨籍及未經政黨推薦,1128,民主進步黨,728,中國國民黨,2728,18,2746,0,2746,976,3722,73.78
埔心鄉,二重村,592,無黨籍及未經政黨推薦,904,民主進步黨,562,中國國民黨,2058,20,2078,0,2078,766,2844,73.07
埔心鄉,梧鳳村,278,無黨籍及未經政黨推薦,502,民主進步黨,388,中國國民黨,1168,4,1172,0,1172,522,1694,69.19
埔心鄉,埤霞村,306,無黨籍及未經政黨推薦,372,民主進步黨,352,中國國民黨,1030,8,1038,0,1038,364,1402,74.04
埔心鄉,埤脚村,424,無黨籍及未經政黨推薦,364,民主進步黨,474,中國國民黨,1262,12,1274,0,1274,504,1778,71.65
永靖鄉,永東村,356,無黨籍及未經政黨推薦,370,民主進步黨,432,中國國民黨,1158,4,1162,0,1162,346,1508,77.06
永靖鄉,永西村,606,無黨籍及未經政黨推薦,868,民主進步黨,680,中國國民黨,2154,24,2178,0,2178,712,2890,75.36
永靖鄉,永南村,674,無黨籍及未經政黨推薦,970,民主進步黨,926,中國國民黨,2570,14,2584,0,2584,830,3414,75.69
永靖鄉,永北村,992,無黨籍及未經政黨推薦,1178,民主進步黨,978,中國國民黨,3148,28,3176,0,3176,1004,4180,75.98
永靖鄉,港西村,702,無黨籍及未經政黨推薦,944,民主進步黨,732,中國國民黨,2378,12,2390,0,2390,814,3204,74.59
永靖鄉,五福村,490,無黨籍及未經政黨推薦,778,民主進步黨,698,中國國民黨,1966,22,1988,0,1988,806,2794,71.15
永靖鄉,湳港村,442,無黨籍及未經政黨推薦,640,民主進步黨,370,中國國民黨,1452,14,1466,0,1466,648,2114,69.35
永靖鄉,新莊村,440,無黨籍及未經政黨推薦,462,民主進步黨,546,中國國民黨,1448,16,1464,0,1464,624,2088,70.11
永靖鄉,瑚璉村,1134,無黨籍及未經政黨推薦,1490,民主進步黨,1332,中國國民黨,3956,32,3988,0,3988,1266,5254,75.9
永靖鄉,五汴村,492,無黨籍及未經政黨推薦,890,民主進步黨,540,中國國民黨,1922,24,1946,0,1946,666,2612,74.5
永靖鄉,浮圳村,524,無黨籍及未經政黨推薦,586,民主進步黨,548,中國國民黨,1658,16,1674,0,1674,654,2328,71.91
永靖鄉,光雲村,592,無黨籍及未經政黨推薦,898,民主進步黨,646,中國國民黨,2136,28,2164,0,2164,878,3042,71.14
永靖鄉,東寧村,762,無黨籍及未經政黨推薦,1070,民主進步黨,828,中國國民黨,2660,26,2686,0,2686,1114,3800,70.68
永靖鄉,永興村,716,無黨籍及未經政黨推薦,798,民主進步黨,672,中國國民黨,2186,28,2214,0,2214,790,3004,73.7
永靖鄉,崙子村,550,無黨籍及未經政黨推薦,816,民主進步黨,596,中國國民黨,1962,14,1976,0,1976,724,2700,73.19
永靖鄉,獨鰲村,312,無黨籍及未經政黨推薦,434,民主進步黨,402,中國國民黨,1148,6,1154,0,1154,428,1582,72.95
永靖鄉,敦厚村,278,無黨籍及未經政黨推薦,374,民主進步黨,346,中國國民黨,998,14,1012,0,1012,352,1364,74.19
永靖鄉,崙美村,302,無黨籍及未經政黨推薦,468,民主進步黨,342,中國國民黨,1112,18,1130,0,1130,330,1460,77.4
永靖鄉,同安村,236,無黨籍及未經政黨推薦,368,民主進步黨,324,中國國民黨,928,4,932,0,932,344,1276,73.04
永靖鄉,同仁村,294,無黨籍及未經政黨推薦,396,民主進步黨,426,中國國民黨,1116,8,1124,0,1124,488,1612,69.73
永靖鄉,湳墘村,308,無黨籍及未經政黨推薦,422,民主進步黨,364,中國國民黨,1094,12,1106,0,1106,458,1564,70.72
永靖鄉,四芳村,180,無黨籍及未經政黨推薦,358,民主進步黨,308,中國國民黨,846,10,856,0,856,318,1174,72.91
永靖鄉,福興村,370,無黨籍及未經政黨推薦,478,民主進步黨,622,中國國民黨,1470,8,1478,0,1478,594,2072,71.33
永靖鄉,竹子村,432,無黨籍及未經政黨推薦,914,民主進步黨,456,中國國民黨,1802,12,1814,0,1814,626,2440,74.34
社頭鄉,社頭村,1024,無黨籍及未經政黨推薦,1686,民主進步黨,1106,中國國民黨,3816,26,3842,0,3842,1460,5302,72.46
社頭鄉,東興村,536,無黨籍及未經政黨推薦,838,民主進步黨,640,中國國民黨,2014,26,2040,0,2040,808,2848,71.63
社頭鄉,山湖村,408,無黨籍及未經政黨推薦,750,民主進步黨,456,中國國民黨,1614,22,1636,0,1636,578,2214,73.89
社頭鄉,廣興村,1750,無黨籍及未經政黨推薦,2474,民主進步黨,1814,中國國民黨,6038,78,6116,0,6116,2356,8472,72.19
社頭鄉,廣福村,368,無黨籍及未經政黨推薦,556,民主進步黨,400,中國國民黨,1324,10,1334,0,1334,452,1786,74.69
社頭鄉,朝興村,390,無黨籍及未經政黨推薦,628,民主進步黨,502,中國國民黨,1520,8,1528,0,1528,582,2110,72.42
社頭鄉,仁雅村,1212,無黨籍及未經政黨推薦,1604,民主進步黨,1282,中國國民黨,4098,26,4124,0,4124,1370,5494,75.06
社頭鄉,橋頭村,880,無黨籍及未經政黨推薦,1132,民主進步黨,816,中國國民黨,2828,32,2860,0,2860,1096,3956,72.3
社頭鄉,仁和村,298,無黨籍及未經政黨推薦,346,民主進步黨,420,中國國民黨,1064,6,1070,0,1070,402,1472,72.69
社頭鄉,崙雅村,394,無黨籍及未經政黨推薦,456,民主進步黨,444,中國國民黨,1294,2,1296,0,1296,470,1766,73.39
社頭鄉,湳底村,650,無黨籍及未經政黨推薦,1038,民主進步黨,694,中國國民黨,2382,20,2402,0,2402,972,3374,71.19
社頭鄉,泰安村,370,無黨籍及未經政黨推薦,500,民主進步黨,500,中國國民黨,1370,12,1382,0,1382,548,1930,71.61
社頭鄉,美雅村,504,無黨籍及未經政黨推薦,656,民主進步黨,604,中國國民黨,1764,12,1776,0,1776,648,2424,73.27
社頭鄉,新厝村,568,無黨籍及未經政黨推薦,752,民主進步黨,620,中國國民黨,1940,16,1956,0,1956,698,2654,73.7
社頭鄉,平和村,400,無黨籍及未經政黨推薦,518,民主進步黨,406,中國國民黨,1324,20,1344,0,1344,504,1848,72.73
社頭鄉,里仁村,454,無黨籍及未經政黨推薦,516,民主進步黨,480,中國國民黨,1450,16,1466,0,1466,468,1934,75.8
社頭鄉,張厝村,456,無黨籍及未經政黨推薦,694,民主進步黨,562,中國國民黨,1712,16,1728,0,1728,666,2394,72.18
社頭鄉,龍井村,294,無黨籍及未經政黨推薦,496,民主進步黨,318,中國國民黨,1108,10,1118,0,1118,432,1550,72.13
社頭鄉,舊社村,694,無黨籍及未經政黨推薦,984,民主進步黨,682,中國國民黨,2360,16,2376,0,2376,804,3180,74.72
社頭鄉,埤斗村,368,無黨籍及未經政黨推薦,560,民主進步黨,398,中國國民黨,1326,14,1340,0,1340,490,1830,73.22
社頭鄉,湳雅村,568,無黨籍及未經政黨推薦,922,民主進步黨,550,中國國民黨,2040,18,2058,0,2058,782,2840,72.46
社頭鄉,松竹村,460,無黨籍及未經政黨推薦,636,民主進步黨,432,中國國民黨,1528,10,1538,0,1538,504,2042,75.32
社頭鄉,清水村,516,無黨籍及未經政黨推薦,556,民主進步黨,602,中國國民黨,1674,18,1692,0,1692,726,2418,69.98
社頭鄉,協和村,922,無黨籍及未經政黨推薦,1140,民主進步黨,918,中國國民黨,2980,24,3004,0,3004,1228,4232,70.98
二水鄉,合和村,272,無黨籍及未經政黨推薦,446,民主進步黨,366,中國國民黨,1084,12,1096,0,1096,482,1578,69.46
二水鄉,上豊村,264,無黨籍及未經政黨推薦,564,民主進步黨,470,中國國民黨,1298,22,1320,0,1320,466,1786,73.91
二水鄉,過圳村,214,無黨籍及未經政黨推薦,342,民主進步黨,264,中國國民黨,820,8,828,0,828,346,1174,70.53
二水鄉,五伯村,208,無黨籍及未經政黨推薦,336,民主進步黨,322,中國國民黨,866,6,872,0,872,328,1200,72.67
二水鄉,光化村,280,無黨籍及未經政黨推薦,494,民主進步黨,468,中國國民黨,1242,16,1258,0,1258,450,1708,73.65
二水鄉,文化村,290,無黨籍及未經政黨推薦,466,民主進步黨,550,中國國民黨,1306,14,1320,0,1320,502,1822,72.45
二水鄉,二水村,240,無黨籍及未經政黨推薦,440,民主進步黨,428,中國國民黨,1108,10,1118,0,1118,390,1508,74.14
二水鄉,聖化村,138,無黨籍及未經政黨推薦,200,民主進步黨,246,中國國民黨,584,4,588,0,588,216,804,73.13
二水鄉,裕民村,344,無黨籍及未經政黨推薦,564,民主進步黨,398,中國國民黨,1306,12,1318,0,1318,596,1914,68.86
二水鄉,惠民村,216,無黨籍及未經政黨推薦,526,民主進步黨,350,中國國民黨,1092,6,1098,0,1098,400,1498,73.3
二水鄉,大園村,234,無黨籍及未經政黨推薦,466,民主進步黨,320,中國國民黨,1020,4,1024,0,1024,424,1448,70.72
二水鄉,修仁村,248,無黨籍及未經政黨推薦,426,民主進步黨,412,中國國民黨,1086,12,1098,0,1098,408,1506,72.91
二水鄉,合興村,182,無黨籍及未經政黨推薦,434,民主進步黨,274,中國國民黨,890,4,894,0,894,376,1270,70.39
二水鄉,源泉村,190,無黨籍及未經政黨推薦,362,民主進步黨,322,中國國民黨,874,10,884,0,884,260,1144,77.27
二水鄉,倡和村,142,無黨籍及未經政黨推薦,324,民主進步黨,276,中國國民黨,742,4,746,0,746,324,1070,69.72
二水鄉,復興村,296,無黨籍及未經政黨推薦,700,民主進步黨,388,中國國民黨,1384,18,1402,0,1402,466,1868,75.05
二水鄉,十五村,214,無黨籍及未經政黨推薦,392,民主進步黨,296,中國國民黨,902,16,918,0,918,370,1288,71.27
北斗鎮,光復里,680,無黨籍及未經政黨推薦,932,民主進步黨,900,中國國民黨,2512,12,2524,0,2524,942,3466,72.82
北斗鎮,新政里,258,無黨籍及未經政黨推薦,408,民主進步黨,376,中國國民黨,1042,0,1042,0,1042,452,1494,69.75
北斗鎮,重慶里,168,無黨籍及未經政黨推薦,328,民主進步黨,244,中國國民黨,740,2,742,0,742,272,1014,73.18
北斗鎮,五權里,216,無黨籍及未經政黨推薦,368,民主進步黨,308,中國國民黨,892,12,904,0,904,340,1244,72.67
北斗鎮,七星里,520,無黨籍及未經政黨推薦,870,民主進步黨,598,中國國民黨,1988,6,1994,0,1994,748,2742,72.72
北斗鎮,居仁里,458,無黨籍及未經政黨推薦,642,民主進步黨,754,中國國民黨,1854,16,1870,0,1870,554,2424,77.15
北斗鎮,東光里,972,無黨籍及未經政黨推薦,1286,民主進步黨,1034,中國國民黨,3292,26,3318,0,3318,1132,4450,74.56
北斗鎮,文昌里,1398,無黨籍及未經政黨推薦,1622,民主進步黨,1528,中國國民黨,4548,38,4586,0,4586,1708,6294,72.86
北斗鎮,中和里,500,無黨籍及未經政黨推薦,684,民主進步黨,586,中國國民黨,1770,18,1788,0,1788,700,2488,71.86
北斗鎮,西德里,1760,無黨籍及未經政黨推薦,2560,民主進步黨,2190,中國國民黨,6510,56,6566,0,6566,2310,8876,73.97
北斗鎮,西安里,692,無黨籍及未經政黨推薦,918,民主進步黨,846,中國國民黨,2456,18,2474,0,2474,952,3426,72.21
北斗鎮,中寮里,1042,無黨籍及未經政黨推薦,1612,民主進步黨,1114,中國國民黨,3768,34,3802,0,3802,1474,5276,72.06
北斗鎮,大道里,824,無黨籍及未經政黨推薦,1254,民主進步黨,786,中國國民黨,2864,12,2876,0,2876,962,3838,74.93
北斗鎮,新生里,784,無黨籍及未經政黨推薦,924,民主進步黨,904,中國國民黨,2612,32,2644,0,2644,1284,3928,67.31
北斗鎮,大新里,814,無黨籍及未經政黨推薦,876,民主進步黨,822,中國國民黨,2512,16,2528,0,2528,1034,3562,70.97
二林鎮,東和里,790,無黨籍及未經政黨推薦,1114,民主進步黨,958,中國國民黨,2862,30,2892,0,2892,1148,4040,71.58
二林鎮,南光里,1204,無黨籍及未經政黨推薦,1430,民主進步黨,1718,中國國民黨,4352,32,4384,0,4384,1838,6222,70.46
二林鎮,西平里,554,無黨籍及未經政黨推薦,758,民主進步黨,734,中國國民黨,2046,16,2062,0,2062,904,2966,69.52
二林鎮,北平里,1130,無黨籍及未經政黨推薦,1448,民主進步黨,1426,中國國民黨,4004,36,4040,0,4040,1736,5776,69.94
二林鎮,中西里,442,無黨籍及未經政黨推薦,648,民主進步黨,810,中國國民黨,1900,22,1922,0,1922,1120,3042,63.18
二林鎮,廣興里,392,無黨籍及未經政黨推薦,628,民主進步黨,606,中國國民黨,1626,18,1644,0,1644,880,2524,65.13
二林鎮,香田里,276,無黨籍及未經政黨推薦,536,民主進步黨,412,中國國民黨,1224,20,1244,0,1244,728,1972,63.08
二林鎮,外竹里,276,無黨籍及未經政黨推薦,470,民主進步黨,436,中國國民黨,1182,10,1192,0,1192,654,1846,64.57
二林鎮,興華里,340,無黨籍及未經政黨推薦,518,民主進步黨,676,中國國民黨,1534,16,1550,0,1550,680,2230,69.51
二林鎮,東興里,638,無黨籍及未經政黨推薦,690,民主進步黨,764,中國國民黨,2092,26,2118,0,2118,962,3080,68.77
二林鎮,後厝里,1474,無黨籍及未經政黨推薦,1468,民主進步黨,1794,中國國民黨,4736,60,4796,0,4796,2022,6818,70.34
二林鎮,豐田里,900,無黨籍及未經政黨推薦,1104,民主進步黨,1204,中國國民黨,3208,34,3242,0,3242,1590,4832,67.09
二林鎮,頂厝里,402,無黨籍及未經政黨推薦,528,民主進步黨,548,中國國民黨,1478,22,1500,0,1500,992,2492,60.19
二林鎮,趙甲里,504,無黨籍及未經政黨推薦,710,民主進步黨,738,中國國民黨,1952,30,1982,0,1982,962,2944,67.32
二林鎮,振興里,392,無黨籍及未經政黨推薦,488,民主進步黨,570,中國國民黨,1450,12,1462,0,1462,748,2210,66.15
二林鎮,萬興里,262,無黨籍及未經政黨推薦,346,民主進步黨,396,中國國民黨,1004,14,1018,0,1018,422,1440,70.69
二林鎮,永興里,438,無黨籍及未經政黨推薦,734,民主進步黨,714,中國國民黨,1886,26,1912,0,1912,932,2844,67.23
二林鎮,西庄里,474,無黨籍及未經政黨推薦,746,民主進步黨,516,中國國民黨,1736,18,1754,0,1754,786,2540,69.06
二林鎮,梅芳里,376,無黨籍及未經政黨推薦,512,民主進步黨,526,中國國民黨,1414,8,1422,0,1422,638,2060,69.03
二林鎮,華崙里,1130,無黨籍及未經政黨推薦,1492,民主進步黨,1920,中國國民黨,4542,48,4590,0,4590,2140,6730,68.2
二林鎮,東勢里,326,無黨籍及未經政黨推薦,416,民主進步黨,468,中國國民黨,1210,10,1220,0,1220,630,1850,65.95
二林鎮,萬合里,290,無黨籍及未經政黨推薦,440,民主進步黨,570,中國國民黨,1300,12,1312,0,1312,750,2062,63.63
二林鎮,大永里,316,無黨籍及未經政黨推薦,410,民主進步黨,404,中國國民黨,1130,12,1142,0,1142,498,1640,69.63
二林鎮,原斗里,388,無黨籍及未經政黨推薦,658,民主進步黨,646,中國國民黨,1692,16,1708,0,1708,634,2342,72.93
二林鎮,西斗里,342,無黨籍及未經政黨推薦,506,民主進步黨,526,中國國民黨,1374,16,1390,0,1390,588,1978,70.27
二林鎮,東華里,226,無黨籍及未經政黨推薦,646,民主進步黨,410,中國國民黨,1282,18,1300,0,1300,572,1872,69.44
二林鎮,復豐里,216,無黨籍及未經政黨推薦,380,民主進步黨,278,中國國民黨,874,12,886,0,886,438,1324,66.92
田尾鄉,田尾村,484,無黨籍及未經政黨推薦,658,民主進步黨,546,中國國民黨,1688,12,1700,0,1700,816,2516,67.57
田尾鄉,豐田村,314,無黨籍及未經政黨推薦,384,民主進步黨,360,中國國民黨,1058,2,1060,0,1060,426,1486,71.33
田尾鄉,饒平村,1192,無黨籍及未經政黨推薦,1246,民主進步黨,1238,中國國民黨,3676,26,3702,0,3702,1370,5072,72.99
田尾鄉,睦宜村,398,無黨籍及未經政黨推薦,580,民主進步黨,496,中國國民黨,1474,16,1490,0,1490,502,1992,74.8
田尾鄉,福田村,248,無黨籍及未經政黨推薦,394,民主進步黨,348,中國國民黨,990,10,1000,0,1000,398,1398,71.53
田尾鄉,新興村,392,無黨籍及未經政黨推薦,592,民主進步黨,462,中國國民黨,1446,26,1472,0,1472,530,2002,73.53
田尾鄉,北鎮村,518,無黨籍及未經政黨推薦,586,民主進步黨,472,中國國民黨,1576,10,1586,0,1586,680,2266,69.99
田尾鄉,南鎮村,188,無黨籍及未經政黨推薦,378,民主進步黨,252,中國國民黨,818,8,826,0,826,350,1176,70.24
田尾鄉,新生村,518,無黨籍及未經政黨推薦,748,民主進步黨,588,中國國民黨,1854,10,1864,0,1864,718,2582,72.19
田尾鄉,南曾村,478,無黨籍及未經政黨推薦,828,民主進步黨,604,中國國民黨,1910,16,1926,0,1926,688,2614,73.68
田尾鄉,北曾村,566,無黨籍及未經政黨推薦,876,民主進步黨,660,中國國民黨,2102,16,2118,0,2118,802,2920,72.53
田尾鄉,溪畔村,482,無黨籍及未經政黨推薦,714,民主進步黨,500,中國國民黨,1696,8,1704,0,1704,690,2394,71.18
田尾鄉,打簾村,722,無黨籍及未經政黨推薦,932,民主進步黨,742,中國國民黨,2396,30,2426,0,2426,872,3298,73.56
田尾鄉,柳鳳村,390,無黨籍及未經政黨推薦,514,民主進步黨,516,中國國民黨,1420,20,1440,0,1440,412,1852,77.75
田尾鄉,陸豐村,360,無黨籍及未經政黨推薦,484,民主進步黨,378,中國國民黨,1222,8,1230,0,1230,448,1678,73.3
田尾鄉,海豐村,476,無黨籍及未經政黨推薦,770,民主進步黨,546,中國國民黨,1792,10,1802,0,1802,816,2618,68.83
田尾鄉,仁里村,576,無黨籍及未經政黨推薦,808,民主進步黨,804,中國國民黨,2188,16,2204,0,2204,852,3056,72.12
田尾鄉,新厝村,86,無黨籍及未經政黨推薦,128,民主進步黨,128,中國國民黨,342,4,346,0,346,132,478,72.38
田尾鄉,溪頂村,194,無黨籍及未經政黨推薦,372,民主進步黨,260,中國國民黨,826,14,840,0,840,342,1182,71.07
田尾鄉,正義村,446,無黨籍及未經政黨推薦,468,民主進步黨,404,中國國民黨,1318,12,1330,0,1330,444,1774,74.97
埤頭鄉,和豊村,894,無黨籍及未經政黨推薦,1172,民主進步黨,1024,中國國民黨,3090,38,3128,0,3128,1512,4640,67.41
埤頭鄉,興農村,746,無黨籍及未經政黨推薦,880,民主進步黨,794,中國國民黨,2420,20,2440,0,2440,1078,3518,69.36
埤頭鄉,埤頭村,492,無黨籍及未經政黨推薦,926,民主進步黨,582,中國國民黨,2000,36,2036,0,2036,942,2978,68.37
埤頭鄉,豊崙村,866,無黨籍及未經政黨推薦,806,民主進步黨,1138,中國國民黨,2810,22,2832,0,2832,1432,4264,66.42
埤頭鄉,崙子村,386,無黨籍及未經政黨推薦,660,民主進步黨,586,中國國民黨,1632,12,1644,0,1644,708,2352,69.9
埤頭鄉,合興村,1188,無黨籍及未經政黨推薦,1534,民主進步黨,1768,中國國民黨,4490,24,4514,0,4514,1790,6304,71.61
埤頭鄉,平原村,1082,無黨籍及未經政黨推薦,996,民主進步黨,1022,中國國民黨,3100,28,3128,0,3128,1284,4412,70.9
埤頭鄉,崙腳村,286,無黨籍及未經政黨推薦,392,民主進步黨,320,中國國民黨,998,14,1012,0,1012,374,1386,73.02
埤頭鄉,元埔村,192,無黨籍及未經政黨推薦,350,民主進步黨,240,中國國民黨,782,6,788,0,788,318,1106,71.25
埤頭鄉,芙朝村,508,無黨籍及未經政黨推薦,732,民主進步黨,654,中國國民黨,1894,12,1906,0,1906,902,2808,67.88
埤頭鄉,新庄村,304,無黨籍及未經政黨推薦,730,民主進步黨,320,中國國民黨,1354,10,1364,0,1364,554,1918,71.12
埤頭鄉,陸嘉村,364,無黨籍及未經政黨推薦,462,民主進步黨,288,中國國民黨,1114,2,1116,0,1116,442,1558,71.63
埤頭鄉,竹圍村,408,無黨籍及未經政黨推薦,616,民主進步黨,388,中國國民黨,1412,10,1422,0,1422,674,2096,67.84
埤頭鄉,中和村,494,無黨籍及未經政黨推薦,860,民主進步黨,578,中國國民黨,1932,8,1940,0,1940,830,2770,70.04
埤頭鄉,庄內村,382,無黨籍及未經政黨推薦,682,民主進步黨,322,中國國民黨,1386,18,1404,0,1404,700,2104,66.73
埤頭鄉,大湖村,310,無黨籍及未經政黨推薦,560,民主進步黨,308,中國國民黨,1178,14,1192,0,1192,584,1776,67.12
埤頭鄉,永豐村,592,無黨籍及未經政黨推薦,754,民主進步黨,684,中國國民黨,2030,26,2056,0,2056,950,3006,68.4
芳苑鄉,芳苑村,244,無黨籍及未經政黨推薦,546,民主進步黨,278,中國國民黨,1068,14,1082,0,1082,714,1796,60.24
芳苑鄉,芳中村,84,無黨籍及未經政黨推薦,236,民主進步黨,196,中國國民黨,516,2,518,0,518,234,752,68.88
芳苑鄉,仁愛村,184,無黨籍及未經政黨推薦,338,民主進步黨,342,中國國民黨,864,6,870,0,870,532,1402,62.05
芳苑鄉,信義村,90,無黨籍及未經政黨推薦,260,民主進步黨,166,中國國民黨,516,4,520,0,520,462,982,52.95
芳苑鄉,後寮村,278,無黨籍及未經政黨推薦,406,民主進步黨,470,中國國民黨,1154,10,1164,0,1164,634,1798,64.74
芳苑鄉,三合村,670,無黨籍及未經政黨推薦,1086,民主進步黨,876,中國國民黨,2632,40,2672,0,2672,1310,3982,67.1
芳苑鄉,永興村,372,無黨籍及未經政黨推薦,656,民主進步黨,606,中國國民黨,1634,12,1646,0,1646,888,2534,64.96
芳苑鄉,五俊村,92,無黨籍及未經政黨推薦,232,民主進步黨,196,中國國民黨,520,0,520,0,520,404,924,56.28
芳苑鄉,路上村,190,無黨籍及未經政黨推薦,268,民主進步黨,232,中國國民黨,690,6,696,0,696,492,1188,58.59
芳苑鄉,路平村,320,無黨籍及未經政黨推薦,358,民主進步黨,398,中國國民黨,1076,14,1090,0,1090,418,1508,72.28
芳苑鄉,三成村,296,無黨籍及未經政黨推薦,452,民主進步黨,364,中國國民黨,1112,16,1128,0,1128,708,1836,61.44
芳苑鄉,福榮村,116,無黨籍及未經政黨推薦,308,民主進步黨,210,中國國民黨,634,10,644,0,644,404,1048,61.45
芳苑鄉,頂廍村,182,無黨籍及未經政黨推薦,314,民主進步黨,220,中國國民黨,716,12,728,0,728,338,1066,68.29
芳苑鄉,新街村,118,無黨籍及未經政黨推薦,414,民主進步黨,306,中國國民黨,838,10,848,0,848,604,1452,58.4
芳苑鄉,王功村,568,無黨籍及未經政黨推薦,1348,民主進步黨,662,中國國民黨,2578,26,2604,0,2604,1414,4018,64.81
芳苑鄉,博愛村,168,無黨籍及未經政黨推薦,490,民主進步黨,216,中國國民黨,874,6,880,0,880,412,1292,68.11
芳苑鄉,和平村,184,無黨籍及未經政黨推薦,422,民主進步黨,288,中國國民黨,894,2,896,0,896,478,1374,65.21
芳苑鄉,民生村,168,無黨籍及未經政黨推薦,428,民主進步黨,204,中國國民黨,800,2,802,0,802,430,1232,65.1
芳苑鄉,興仁村,366,無黨籍及未經政黨推薦,792,民主進步黨,350,中國國民黨,1508,20,1528,0,1528,924,2452,62.32
芳苑鄉,新寶村,506,無黨籍及未經政黨推薦,882,民主進步黨,564,中國國民黨,1952,28,1980,0,1980,1152,3132,63.22
芳苑鄉,草湖村,480,無黨籍及未經政黨推薦,638,民主進步黨,688,中國國民黨,1806,24,1830,0,1830,922,2752,66.5
芳苑鄉,文津村,284,無黨籍及未經政黨推薦,442,民主進步黨,422,中國國民黨,1148,16,1164,0,1164,800,1964,59.27
芳苑鄉,建平村,616,無黨籍及未經政黨推薦,1044,民主進步黨,884,中國國民黨,2544,16,2560,0,2560,1424,3984,64.26
芳苑鄉,崙腳村,244,無黨籍及未經政黨推薦,308,民主進步黨,360,中國國民黨,912,26,938,0,938,530,1468,63.9
芳苑鄉,新生村,364,無黨籍及未經政黨推薦,690,民主進步黨,508,中國國民黨,1562,12,1574,0,1574,890,2464,63.88
芳苑鄉,漢寶村,1136,無黨籍及未經政黨推薦,1638,民主進步黨,1292,中國國民黨,4066,42,4108,0,4108,1966,6074,67.63
大城鄉,潭墘村,242,無黨籍及未經政黨推薦,634,民主進步黨,360,中國國民黨,1236,18,1254,0,1254,780,2034,61.65
大城鄉,上山村,312,無黨籍及未經政黨推薦,448,民主進步黨,486,中國國民黨,1246,14,1260,0,1260,742,2002,62.94
大城鄉,東城村,422,無黨籍及未經政黨推薦,524,民主進步黨,644,中國國民黨,1590,16,1606,0,1606,832,2438,65.87
大城鄉,西城村,252,無黨籍及未經政黨推薦,358,民主進步黨,294,中國國民黨,904,10,914,0,914,580,1494,61.18
大城鄉,大城村,316,無黨籍及未經政黨推薦,356,民主進步黨,508,中國國民黨,1180,14,1194,0,1194,632,1826,65.39
大城鄉,菜寮村,328,無黨籍及未經政黨推薦,356,民主進步黨,478,中國國民黨,1162,14,1176,0,1176,774,1950,60.31
大城鄉,山腳村,268,無黨籍及未經政黨推薦,620,民主進步黨,496,中國國民黨,1384,16,1400,0,1400,1016,2416,57.95
大城鄉,永和村,184,無黨籍及未經政黨推薦,276,民主進步黨,286,中國國民黨,746,14,760,0,760,526,1286,59.1
大城鄉,頂庄村,100,無黨籍及未經政黨推薦,276,民主進步黨,238,中國國民黨,614,8,622,0,622,552,1174,52.98
大城鄉,公館村,222,無黨籍及未經政黨推薦,410,民主進步黨,494,中國國民黨,1126,12,1138,0,1138,764,1902,59.83
大城鄉,臺西村,216,無黨籍及未經政黨推薦,384,民主進步黨,304,中國國民黨,904,10,914,0,914,690,1604,56.98
大城鄉,東港村,322,無黨籍及未經政黨推薦,418,民主進步黨,552,中國國民黨,1292,16,1308,0,1308,892,2200,59.45
大城鄉,西港村,224,無黨籍及未經政黨推薦,318,民主進步黨,434,中國國民黨,976,4,980,0,980,662,1642,59.68
大城鄉,豐美村,228,無黨籍及未經政黨推薦,394,民主進步黨,298,中國國民黨,920,22,942,0,942,648,1590,59.25
大城鄉,三豐村,120,無黨籍及未經政黨推薦,230,民主進步黨,256,中國國民黨,606,6,612,0,612,548,1160,52.76
竹塘鄉,竹元村,452,無黨籍及未經政黨推薦,582,民主進步黨,526,中國國民黨,1560,20,1580,0,1580,650,2230,70.85
竹塘鄉,竹塘村,710,無黨籍及未經政黨推薦,978,民主進步黨,986,中國國民黨,2674,22,2696,0,2696,1148,3844,70.14
竹塘鄉,小西村,192,無黨籍及未經政黨推薦,332,民主進步黨,342,中國國民黨,866,8,874,0,874,428,1302,67.13
竹塘鄉,民靖村,236,無黨籍及未經政黨推薦,370,民主進步黨,326,中國國民黨,932,4,936,0,936,474,1410,66.38
竹塘鄉,五庄村,490,無黨籍及未經政黨推薦,930,民主進步黨,428,中國國民黨,1848,14,1862,0,1862,1016,2878,64.7
竹塘鄉,樹腳村,240,無黨籍及未經政黨推薦,438,民主進步黨,208,中國國民黨,886,6,892,0,892,332,1224,72.88
竹塘鄉,田頭村,324,無黨籍及未經政黨推薦,542,民主進步黨,384,中國國民黨,1250,18,1268,0,1268,770,2038,62.22
竹塘鄉,新廣村,312,無黨籍及未經政黨推薦,646,民主進步黨,386,中國國民黨,1344,8,1352,0,1352,682,2034,66.47
竹塘鄉,溪墘村,132,無黨籍及未經政黨推薦,300,民主進步黨,202,中國國民黨,634,8,642,0,642,244,886,72.46
竹塘鄉,竹林村,202,無黨籍及未經政黨推薦,418,民主進步黨,334,中國國民黨,954,6,960,0,960,546,1506,63.75
竹塘鄉,土庫村,190,無黨籍及未經政黨推薦,380,民主進步黨,254,中國國民黨,824,6,830,0,830,320,1150,72.17
竹塘鄉,內新村,116,無黨籍及未經政黨推薦,348,民主進步黨,178,中國國民黨,642,8,650,0,650,324,974,66.74
竹塘鄉,長安村,204,無黨籍及未經政黨推薦,506,民主進步黨,250,中國國民黨,960,12,972,0,972,484,1456,66.76
竹塘鄉,永安村,130,無黨籍及未經政黨推薦,332,民主進步黨,148,中國國民黨,610,8,618,0,618,414,1032,59.88
溪州鄉,溪厝村,652,無黨籍及未經政黨推薦,1078,民主進步黨,726,中國國民黨,2456,30,2486,0,2486,1098,3584,69.36
溪州鄉,舊眉村,482,無黨籍及未經政黨推薦,978,民主進步黨,546,中國國民黨,2006,20,2026,0,2026,846,2872,70.54
溪州鄉,柑園村,358,無黨籍及未經政黨推薦,542,民主進步黨,542,中國國民黨,1442,26,1468,0,1468,702,2170,67.65
溪州鄉,水尾村,578,無黨籍及未經政黨推薦,1072,民主進步黨,368,中國國民黨,2018,14,2032,0,2032,918,2950,68.88
溪州鄉,坑厝村,244,無黨籍及未經政黨推薦,398,民主進步黨,276,中國國民黨,918,14,932,0,932,388,1320,70.61
溪州鄉,圳寮村,514,無黨籍及未經政黨推薦,876,民主進步黨,596,中國國民黨,1986,34,2020,0,2020,756,2776,72.77
溪州鄉,潮洋村,226,無黨籍及未經政黨推薦,534,民主進步黨,316,中國國民黨,1076,16,1092,0,1092,492,1584,68.94
溪州鄉,瓦厝村,318,無黨籍及未經政黨推薦,634,民主進步黨,348,中國國民黨,1300,10,1310,0,1310,370,1680,77.98
溪州鄉,西畔村,618,無黨籍及未經政黨推薦,1194,民主進步黨,688,中國國民黨,2500,22,2522,0,2522,1290,3812,66.16
溪州鄉,張厝村,210,無黨籍及未經政黨推薦,420,民主進步黨,220,中國國民黨,850,14,864,0,864,406,1270,68.03
溪州鄉,溪州村,656,無黨籍及未經政黨推薦,884,民主進步黨,686,中國國民黨,2226,18,2244,0,2244,740,2984,75.2
溪州鄉,成功村,554,無黨籍及未經政黨推薦,1066,民主進步黨,768,中國國民黨,2388,16,2404,0,2404,1030,3434,70.01
溪州鄉,菜公村,286,無黨籍及未經政黨推薦,510,民主進步黨,344,中國國民黨,1140,24,1164,0,1164,462,1626,71.59
溪州鄉,尾厝村,766,無黨籍及未經政黨推薦,1004,民主進步黨,814,中國國民黨,2584,38,2622,0,2622,938,3560,73.65
溪州鄉,大庄村,590,無黨籍及未經政黨推薦,1140,民主進步黨,596,中國國民黨,2326,30,2356,0,2356,1194,3550,66.37
溪州鄉,三圳村,396,無黨籍及未經政黨推薦,766,民主進步黨,496,中國國民黨,1658,20,1678,0,1678,706,2384,70.39
溪州鄉,東州村,772,無黨籍及未經政黨推薦,1224,民主進步黨,856,中國國民黨,2852,18,2870,0,2870,952,3822,75.09
溪州鄉,榮光村,266,無黨籍及未經政黨推薦,344,民主進步黨,454,中國國民黨,1064,2,1066,0,1066,522,1588,67.13
溪州鄉,三條村,208,無黨籍及未經政黨推薦,686,民主進步黨,218,中國國民黨,1112,8,1120,0,1120,476,1596,70.18
