行政區別,村里別,周可盛,柯文哲,楊秋興,連勝文,陳永昌,陳菊,馮光遠,有效票數A,無效票數B,投票數C,已領未投票數D,發出票數E,用餘票數F,選舉人數G,投票率H
總計,,1869548,0,1918604,0,0,44414,0,3832566,59560,3892126,0,3892126,2420678,6312804,61.65
板橋區,,288334,0,259804,0,0,6290,0,554428,8334,562762,0,562762,320304,883066,63.73
,留侯里,870,0,874,0,0,18,0,1762,34,1796,0,1796,902,2698,66.57
,流芳里,780,0,688,0,0,18,0,1486,22,1508,0,1508,994,2502,60.27
,赤松里,406,0,406,0,0,12,0,824,18,842,0,842,442,1284,65.58
,黃石里,612,0,524,0,0,14,0,1150,22,1172,0,1172,678,1850,63.35
,挹秀里,708,0,1072,0,0,18,0,1798,34,1832,0,1832,1076,2908,63.0
,湳興里,3002,0,2762,0,0,58,0,5822,86,5908,0,5908,3548,9456,62.48
,新興里,1656,0,1520,0,0,22,0,3198,38,3236,0,3236,2428,5664,57.13
,社後里,3266,0,3082,0,0,82,0,6430,80,6510,0,6510,9060,15570,41.81
,香社里,2874,0,2172,0,0,70,0,5116,76,5192,0,5192,2302,7494,69.28
,中正里,2338,0,2034,0,0,34,0,4406,54,4460,0,4460,3038,7498,59.48
,自強里,2572,0,3428,0,0,70,0,6070,82,6152,0,6152,2962,9114,67.5
,自立里,1734,0,1394,0,0,18,0,3146,36,3182,0,3182,1680,4862,65.45
,光華里,1438,0,1584,0,0,26,0,3048,58,3106,0,3106,1568,4674,66.45
,國光里,1220,0,3142,0,0,50,0,4412,52,4464,0,4464,2152,6616,67.47
,港尾里,1540,0,1510,0,0,26,0,3076,40,3116,0,3116,1700,4816,64.7
,金華里,2410,0,2086,0,0,44,0,4540,84,4624,0,4624,2224,6848,67.52
,港德里,3070,0,2352,0,0,64,0,5486,110,5596,0,5596,2916,8512,65.74
,民權里,1470,0,1634,0,0,34,0,3138,36,3174,0,3174,1480,4654,68.2
,建國里,2434,0,1974,0,0,76,0,4484,76,4560,0,4560,1812,6372,71.56
,漢生里,2210,0,2332,0,0,62,0,4604,74,4678,0,4678,2644,7322,63.89
,公舘里,2348,0,1900,0,0,68,0,4316,74,4390,0,4390,2280,6670,65.82
,新民里,2316,0,2238,0,0,56,0,4610,88,4698,0,4698,2628,7326,64.13
,幸福里,2492,0,2080,0,0,42,0,4614,96,4710,0,4710,2208,6918,68.08
,忠誠里,1200,0,3070,0,0,34,0,4304,78,4382,0,4382,2464,6846,64.01
,百壽里,1382,0,1196,0,0,38,0,2616,44,2660,0,2660,1318,3978,66.87
,介壽里,1796,0,1648,0,0,42,0,3486,68,3554,0,3554,1688,5242,67.8
,新埔里,1358,0,1244,0,0,44,0,2646,44,2690,0,2690,1108,3798,70.83
,華江里,3238,0,3486,0,0,82,0,6806,96,6902,0,6902,4410,11312,61.01
,江翠里,2916,0,2178,0,0,66,0,5160,78,5238,0,5238,3050,8288,63.2
,純翠里,3338,0,2416,0,0,50,0,5804,90,5894,0,5894,3370,9264,63.62
,溪頭里,3692,0,2822,0,0,78,0,6592,92,6684,0,6684,3476,10160,65.79
,聯翠里,1716,0,1580,0,0,36,0,3332,40,3372,0,3372,2840,6212,54.28
,宏翠里,2620,0,2256,0,0,54,0,4930,60,4990,0,4990,3206,8196,60.88
,仁翠里,2034,0,1140,0,0,36,0,3210,36,3246,0,3246,1916,5162,62.88
,新翠里,4124,0,3522,0,0,92,0,7738,102,7840,0,7840,5376,13216,59.32
,吉翠里,2600,0,1876,0,0,60,0,4536,86,4622,0,4622,1810,6432,71.86
,德翠里,4096,0,3984,0,0,72,0,8152,100,8252,0,8252,3572,11824,69.79
,滿翠里,2056,0,1294,0,0,34,0,3384,48,3432,0,3432,1858,5290,64.88
,明翠里,2926,0,2280,0,0,44,0,5250,42,5292,0,5292,3216,8508,62.2
,松翠里,1944,0,1440,0,0,24,0,3408,62,3470,0,3470,2444,5914,58.67
,柏翠里,2108,0,1730,0,0,50,0,3888,50,3938,0,3938,2804,6742,58.41
,龍翠里,3066,0,2436,0,0,60,0,5562,90,5652,0,5652,2912,8564,66.0
,華翠里,2094,0,1552,0,0,40,0,3686,50,3736,0,3736,2408,6144,60.81
,忠翠里,4868,0,5468,0,0,98,0,10434,124,10558,0,10558,5674,16232,65.04
,嵐翠里,1728,0,1218,0,0,40,0,2986,78,3064,0,3064,1386,4450,68.85
,文翠里,2282,0,1768,0,0,40,0,4090,58,4148,0,4148,2792,6940,59.77
,青翠里,1772,0,1176,0,0,24,0,2972,46,3018,0,3018,2234,5252,57.46
,懷翠里,3610,0,2514,0,0,64,0,6188,82,6270,0,6270,3990,10260,61.11
,福翠里,794,0,746,0,0,22,0,1562,46,1608,0,1608,836,2444,65.79
,港嘴里,3724,0,3044,0,0,84,0,6852,86,6938,0,6938,3754,10692,64.89
,振興里,3102,0,2392,0,0,58,0,5552,92,5644,0,5644,2098,7742,72.9
,振義里,2924,0,2070,0,0,76,0,5070,88,5158,0,5158,2092,7250,71.14
,光復里,1992,0,1704,0,0,42,0,3738,54,3792,0,3792,1670,5462,69.43
,埔墘里,3430,0,3200,0,0,76,0,6706,96,6802,0,6802,3876,10678,63.7
,長壽里,1826,0,1438,0,0,40,0,3304,50,3354,0,3354,1548,4902,68.42
,福壽里,1866,0,1950,0,0,46,0,3862,76,3938,0,3938,1830,5768,68.27
,海山里,3784,0,3680,0,0,70,0,7534,100,7634,0,7634,4868,12502,61.06
,九如里,1892,0,1396,0,0,32,0,3320,34,3354,0,3354,1436,4790,70.02
,玉光里,2820,0,2394,0,0,54,0,5268,96,5364,0,5364,3396,8760,61.23
,光仁里,1820,0,1368,0,0,42,0,3230,50,3280,0,3280,1652,4932,66.5
,埤墘里,2304,0,1906,0,0,68,0,4278,48,4326,0,4326,2632,6958,62.17
,永安里,1992,0,1610,0,0,34,0,3636,52,3688,0,3688,2192,5880,62.72
,雙玉里,2246,0,1684,0,0,34,0,3964,60,4024,0,4024,2400,6424,62.64
,廣新里,2048,0,1720,0,0,46,0,3814,62,3876,0,3876,2112,5988,64.73
,深丘里,3666,0,3902,0,0,84,0,7652,98,7750,0,7750,5610,13360,58.01
,香丘里,2334,0,1960,0,0,44,0,4338,82,4420,0,4420,1898,6318,69.96
,西安里,1450,0,1330,0,0,40,0,2820,54,2874,0,2874,1758,4632,62.05
,東丘里,2740,0,1944,0,0,32,0,4716,82,4798,0,4798,2908,7706,62.26
,長安里,2490,0,2228,0,0,44,0,4762,64,4826,0,4826,2506,7332,65.82
,福丘里,1890,0,2338,0,0,46,0,4274,66,4340,0,4340,3144,7484,57.99
,福祿里,1740,0,2086,0,0,44,0,3870,58,3928,0,3928,2634,6562,59.86
,民族里,2400,0,2284,0,0,54,0,4738,72,4810,0,4810,2334,7144,67.33
,國泰里,1750,0,1914,0,0,26,0,3690,40,3730,0,3730,2296,6026,61.9
,福德里,2878,0,2654,0,0,68,0,5600,66,5666,0,5666,2942,8608,65.82
,景星里,1732,0,1776,0,0,30,0,3538,64,3602,0,3602,2264,5866,61.4
,福星里,1956,0,1906,0,0,48,0,3910,74,3984,0,3984,1862,5846,68.15
,鄉雲里,1970,0,1956,0,0,36,0,3962,80,4042,0,4042,2264,6306,64.1
,廣德里,3396,0,3558,0,0,68,0,7022,90,7112,0,7112,3994,11106,64.04
,大豐里,2484,0,2412,0,0,62,0,4958,84,5042,0,5042,3002,8044,62.68
,重慶里,4420,0,4436,0,0,106,0,8962,138,9100,0,9100,5654,14754,61.68
,仁愛里,1444,0,2232,0,0,74,0,3750,78,3828,0,3828,1688,5516,69.4
,和平里,1536,0,1990,0,0,42,0,3568,54,3622,0,3622,2316,5938,61.0
,廣福里,2224,0,1836,0,0,60,0,4120,44,4164,0,4164,2692,6856,60.74
,華興里,2180,0,2336,0,0,66,0,4582,108,4690,0,4690,2256,6946,67.52
,華貴里,1514,0,1472,0,0,32,0,3018,54,3072,0,3072,1644,4716,65.14
,華德里,3136,0,3188,0,0,76,0,6400,74,6474,0,6474,5330,11804,54.85
,華東里,3192,0,4158,0,0,84,0,7434,106,7540,0,7540,4062,11602,64.99
,信義里,2142,0,2016,0,0,54,0,4212,68,4280,0,4280,2950,7230,59.2
,浮洲里,2720,0,1754,0,0,58,0,4532,84,4616,0,4616,2518,7134,64.7
,華中里,3554,0,2778,0,0,68,0,6400,68,6468,0,6468,2762,9230,70.08
,僑中里,2584,0,2244,0,0,48,0,4876,96,4972,0,4972,2036,7008,70.95
,中山里,2004,0,1846,0,0,58,0,3908,60,3968,0,3968,2418,6386,62.14
,復興里,562,0,584,0,0,14,0,1160,34,1194,0,1194,968,2162,55.23
,大安里,2422,0,2234,0,0,70,0,4726,72,4798,0,4798,2346,7144,67.16
,福安里,1496,0,1318,0,0,28,0,2842,34,2876,0,2876,1748,4624,62.2
,聚安里,3398,0,2620,0,0,68,0,6086,98,6184,0,6184,3178,9362,66.05
,龍安里,1710,0,1380,0,0,32,0,3122,46,3168,0,3168,1834,5002,63.33
,崑崙里,4960,0,4414,0,0,116,0,9490,102,9592,0,9592,6270,15862,60.47
,溪洲里,3214,0,2610,0,0,100,0,5924,94,6018,0,6018,4040,10058,59.83
,溪北里,1918,0,1770,0,0,56,0,3744,62,3806,0,3806,2186,5992,63.52
,香雅里,1554,0,1390,0,0,28,0,2972,52,3024,0,3024,1446,4470,67.65
,新生里,2738,0,2400,0,0,72,0,5210,78,5288,0,5288,2232,7520,70.32
,文德里,1810,0,1480,0,0,24,0,3314,42,3356,0,3356,1896,5252,63.9
,文化里,2106,0,1648,0,0,32,0,3786,44,3830,0,3830,1674,5504,69.59
,新海里,2330,0,1862,0,0,34,0,4226,72,4298,0,4298,1960,6258,68.68
,莒光里,1960,0,1432,0,0,62,0,3454,40,3494,0,3494,1536,5030,69.46
,富貴里,1422,0,1276,0,0,22,0,2720,34,2754,0,2754,1128,3882,70.94
,正泰里,1904,0,1462,0,0,40,0,3406,66,3472,0,3472,1780,5252,66.11
,民生里,1408,0,1120,0,0,18,0,2546,22,2568,0,2568,1344,3912,65.64
,後埔里,2000,0,2124,0,0,50,0,4174,84,4258,0,4258,2230,6488,65.63
,華福里,1266,0,1320,0,0,36,0,2622,40,2662,0,2662,1052,3714,71.67
,堂春里,2322,0,1954,0,0,60,0,4336,62,4398,0,4398,2750,7148,61.53
,成和里,2934,0,2690,0,0,76,0,5700,58,5758,0,5758,4442,10200,56.45
,光榮里,1392,0,1646,0,0,54,0,3092,26,3118,0,3118,1396,4514,69.07
,民安里,1114,0,1088,0,0,18,0,2220,28,2248,0,2248,1328,3576,62.86
,陽明里,1782,0,1366,0,0,44,0,3192,44,3236,0,3236,1762,4998,64.75
,朝陽里,2138,0,1430,0,0,58,0,3626,38,3664,0,3664,2290,5954,61.54
,松柏里,1388,0,1082,0,0,40,0,2510,54,2564,0,2564,1334,3898,65.78
,文聖里,2386,0,1774,0,0,64,0,4224,72,4296,0,4296,2334,6630,64.8
,居仁里,2110,0,1706,0,0,46,0,3862,74,3936,0,3936,1684,5620,70.04
,莊敬里,2202,0,2126,0,0,36,0,4364,72,4436,0,4436,2180,6616,67.05
,東安里,1478,0,1026,0,0,24,0,2528,64,2592,0,2592,1566,4158,62.34
,五權里,2502,0,2188,0,0,50,0,4740,70,4810,0,4810,2332,7142,67.35
,溪福里,6412,0,5844,0,0,92,0,12348,150,12498,0,12498,9492,21990,56.83
,大觀里,2606,0,1896,0,0,42,0,4544,58,4602,0,4602,1706,6308,72.95
,歡園里,970,0,626,0,0,24,0,1620,38,1658,0,1658,682,2340,70.85
,總計,288334,0,259804,0,0,6290,0,554428,8334,562762,0,562762,320304,883066,63.73
三重區,,226180,0,172574,0,0,4330,0,403084,6220,409304,0,409304,219524,628828,65.09
,大有里,3482,0,2688,0,0,64,0,6234,74,6308,0,6308,2928,9236,68.3
,二重里,1134,0,732,0,0,14,0,1880,26,1906,0,1906,972,2878,66.23
,頂崁里,1576,0,1060,0,0,20,0,2656,42,2698,0,2698,1226,3924,68.76
,谷王里,732,0,570,0,0,32,0,1334,36,1370,0,1370,384,1754,78.11
,中興里,2526,0,1814,0,0,52,0,4392,56,4448,0,4448,2064,6512,68.3
,德厚里,334,0,214,0,0,10,0,558,10,568,0,568,206,774,73.39
,成功里,3074,0,2912,0,0,50,0,6036,72,6108,0,6108,3818,9926,61.54
,福祉里,2940,0,2492,0,0,70,0,5502,94,5596,0,5596,3574,9170,61.03
,福民里,2286,0,1848,0,0,54,0,4188,46,4234,0,4234,1760,5994,70.64
,過田里,3232,0,3170,0,0,78,0,6480,122,6602,0,6602,8836,15438,42.76
,錦田里,1334,0,894,0,0,20,0,2248,44,2292,0,2292,1300,3592,63.81
,重明里,2098,0,1802,0,0,62,0,3962,70,4032,0,4032,1844,5876,68.62
,光田里,2634,0,2298,0,0,32,0,4964,94,5058,0,5058,2670,7728,65.45
,光陽里,3854,0,3182,0,0,84,0,7120,112,7232,0,7232,3550,10782,67.07
,田心里,2734,0,2030,0,0,50,0,4814,92,4906,0,4906,2254,7160,68.52
,福田里,2678,0,1872,0,0,64,0,4614,68,4682,0,4682,1678,6360,73.62
,田中里,4304,0,2786,0,0,60,0,7150,102,7252,0,7252,3236,10488,69.15
,田安里,3762,0,3222,0,0,76,0,7060,100,7160,0,7160,3304,10464,68.43
,三民里,1906,0,1366,0,0,28,0,3300,44,3344,0,3344,2174,5518,60.6
,光明里,3802,0,3554,0,0,120,0,7476,130,7606,0,7606,4478,12084,62.94
,光正里,1084,0,1090,0,0,20,0,2194,26,2220,0,2220,1756,3976,55.84
,同安里,830,0,694,0,0,30,0,1554,30,1584,0,1584,974,2558,61.92
,同慶里,996,0,1082,0,0,32,0,2110,26,2136,0,2136,1108,3244,65.84
,菜寮里,1274,0,1154,0,0,28,0,2456,40,2496,0,2496,1270,3766,66.28
,永春里,1160,0,1060,0,0,22,0,2242,32,2274,0,2274,1140,3414,66.61
,中正里,898,0,798,0,0,26,0,1722,50,1772,0,1772,752,2524,70.21
,吉利里,850,0,808,0,0,24,0,1682,30,1712,0,1712,878,2590,66.1
,大同里,1092,0,972,0,0,26,0,2090,40,2130,0,2130,1284,3414,62.39
,中民里,770,0,836,0,0,16,0,1622,22,1644,0,1644,660,2304,71.35
,平和里,1014,0,888,0,0,30,0,1932,46,1978,0,1978,798,2776,71.25
,大安里,900,0,812,0,0,18,0,1730,26,1756,0,1756,1120,2876,61.06
,仁德里,1264,0,954,0,0,20,0,2238,46,2284,0,2284,1308,3592,63.59
,忠孝里,1118,0,888,0,0,28,0,2034,28,2062,0,2062,1086,3148,65.5
,仁義里,700,0,632,0,0,20,0,1352,18,1370,0,1370,648,2018,67.89
,光榮里,856,0,748,0,0,12,0,1616,32,1648,0,1648,862,2510,65.66
,光輝里,934,0,856,0,0,12,0,1802,22,1824,0,1824,930,2754,66.23
,福星里,620,0,502,0,0,14,0,1136,12,1148,0,1148,502,1650,69.58
,福利里,1266,0,1050,0,0,14,0,2330,28,2358,0,2358,1584,3942,59.82
,清和里,2052,0,1758,0,0,40,0,3850,40,3890,0,3890,2602,6492,59.92
,永興里,726,0,630,0,0,10,0,1366,28,1394,0,1394,914,2308,60.4
,中山里,1572,0,1176,0,0,20,0,2768,60,2828,0,2828,1764,4592,61.59
,大園里,1704,0,1200,0,0,42,0,2946,38,2984,0,2984,1508,4492,66.43
,國隆里,1570,0,1442,0,0,24,0,3036,62,3098,0,3098,1534,4632,66.88
,重陽里,2060,0,1744,0,0,36,0,3840,50,3890,0,3890,2352,6242,62.32
,民生里,2690,0,1978,0,0,36,0,4704,76,4780,0,4780,2538,7318,65.32
,重新里,1034,0,636,0,0,16,0,1686,36,1722,0,1722,854,2576,66.85
,正德里,740,0,544,0,0,6,0,1290,10,1300,0,1300,686,1986,65.46
,正義里,1104,0,914,0,0,18,0,2036,36,2072,0,2072,1164,3236,64.03
,正安里,1200,0,1050,0,0,22,0,2272,42,2314,0,2314,1106,3420,67.66
,自強里,1402,0,1008,0,0,22,0,2432,50,2482,0,2482,844,3326,74.62
,文化里,1608,0,1176,0,0,26,0,2810,34,2844,0,2844,1316,4160,68.37
,中央里,1276,0,798,0,0,42,0,2116,32,2148,0,2148,908,3056,70.29
,雙園里,564,0,492,0,0,6,0,1062,38,1100,0,1100,672,1772,62.08
,錦通里,952,0,856,0,0,16,0,1824,36,1860,0,1860,938,2798,66.48
,錦安里,1278,0,1140,0,0,12,0,2430,36,2466,0,2466,920,3386,72.83
,長安里,1322,0,1014,0,0,26,0,2362,24,2386,0,2386,1556,3942,60.53
,光華里,1150,0,928,0,0,22,0,2100,38,2138,0,2138,1338,3476,61.51
,長生里,618,0,326,0,0,22,0,966,16,982,0,982,564,1546,63.52
,開元里,944,0,756,0,0,24,0,1724,42,1766,0,1766,652,2418,73.04
,大德里,586,0,484,0,0,14,0,1084,18,1102,0,1102,360,1462,75.38
,長元里,1610,0,1312,0,0,46,0,2968,58,3026,0,3026,1332,4358,69.44
,長江里,1238,0,940,0,0,20,0,2198,34,2232,0,2232,1324,3556,62.77
,長泰里,1458,0,984,0,0,30,0,2472,34,2506,0,2506,1486,3992,62.78
,長福里,1012,0,702,0,0,26,0,1740,44,1784,0,1784,1012,2796,63.81
,介壽里,776,0,746,0,0,20,0,1542,40,1582,0,1582,552,2134,74.13
,萬壽里,1160,0,1080,0,0,28,0,2268,46,2314,0,2314,1274,3588,64.49
,錦江里,1644,0,1230,0,0,30,0,2904,40,2944,0,2944,1312,4256,69.17
,龍濱里,2120,0,1790,0,0,40,0,3950,56,4006,0,4006,1574,5580,71.79
,龍門里,1110,0,792,0,0,34,0,1936,54,1990,0,1990,1272,3262,61.01
,秀江里,838,0,688,0,0,16,0,1542,16,1558,0,1558,790,2348,66.35
,奕壽里,1192,0,846,0,0,24,0,2062,34,2096,0,2096,1014,3110,67.4
,三安里,1722,0,1306,0,0,30,0,3058,44,3102,0,3102,1650,4752,65.28
,福安里,1950,0,1384,0,0,28,0,3362,54,3416,0,3416,1924,5340,63.97
,信安里,1174,0,886,0,0,16,0,2076,28,2104,0,2104,1308,3412,61.66
,安慶里,1400,0,1046,0,0,38,0,2484,40,2524,0,2524,1122,3646,69.23
,幸福里,2878,0,2076,0,0,54,0,5008,56,5064,0,5064,2756,7820,64.76
,六合里,2364,0,1734,0,0,48,0,4146,66,4212,0,4212,2276,6488,64.92
,六福里,3590,0,2244,0,0,50,0,5884,52,5936,0,5936,3498,9434,62.92
,順德里,1412,0,1170,0,0,24,0,2606,68,2674,0,2674,1328,4002,66.82
,承德里,1140,0,950,0,0,26,0,2116,58,2174,0,2174,1022,3196,68.02
,瑞德里,1728,0,1096,0,0,28,0,2852,54,2906,0,2906,1182,4088,71.09
,崇德里,3000,0,2040,0,0,42,0,5082,68,5150,0,5150,1956,7106,72.47
,厚德里,2214,0,1622,0,0,30,0,3866,36,3902,0,3902,2042,5944,65.65
,維德里,2028,0,1346,0,0,36,0,3410,60,3470,0,3470,1604,5074,68.39
,尚德里,1954,0,1652,0,0,34,0,3640,50,3690,0,3690,1680,5370,68.72
,培德里,2572,0,1716,0,0,48,0,4336,62,4398,0,4398,2050,6448,68.21
,永德里,3168,0,1994,0,0,60,0,5222,82,5304,0,5304,3136,8440,62.84
,永盛里,2364,0,1592,0,0,50,0,4006,50,4056,0,4056,1596,5652,71.76
,永福里,3634,0,2354,0,0,56,0,6044,68,6112,0,6112,2852,8964,68.18
,永清里,3586,0,2372,0,0,64,0,6022,66,6088,0,6088,3492,9580,63.55
,永安里,2582,0,1942,0,0,58,0,4582,62,4644,0,4644,2252,6896,67.34
,永煇里,1810,0,1146,0,0,40,0,2996,64,3060,0,3060,1418,4478,68.33
,溪美里,4888,0,3674,0,0,86,0,8648,122,8770,0,8770,4506,13276,66.06
,福隆里,2604,0,1952,0,0,44,0,4600,60,4660,0,4660,2768,7428,62.74
,五常里,2646,0,1838,0,0,38,0,4522,52,4574,0,4574,2498,7072,64.68
,五福里,2290,0,1704,0,0,44,0,4038,64,4102,0,4102,2318,6420,63.89
,仁忠里,1892,0,1454,0,0,52,0,3398,58,3456,0,3456,2112,5568,62.07
,慈福里,1492,0,978,0,0,22,0,2492,38,2530,0,2530,1528,4058,62.35
,慈生里,1664,0,1186,0,0,42,0,2892,66,2958,0,2958,1210,4168,70.97
,慈惠里,1600,0,932,0,0,34,0,2566,42,2608,0,2608,1316,3924,66.46
,慈愛里,2506,0,1750,0,0,52,0,4308,122,4430,0,4430,1950,6380,69.44
,慈化里,1672,0,1128,0,0,24,0,2824,32,2856,0,2856,1492,4348,65.69
,慈祐里,3122,0,2226,0,0,76,0,5424,82,5506,0,5506,2522,8028,68.58
,五華里,3192,0,2164,0,0,48,0,5404,76,5480,0,5480,3054,8534,64.21
,富貴里,3014,0,2706,0,0,46,0,5766,74,5840,0,5840,4276,10116,57.73
,富華里,1902,0,1424,0,0,48,0,3374,50,3424,0,3424,2092,5516,62.07
,富福里,1396,0,866,0,0,22,0,2284,40,2324,0,2324,1306,3630,64.02
,碧華里,3202,0,2982,0,0,42,0,6226,62,6288,0,6288,4626,10914,57.61
,五谷里,1232,0,950,0,0,16,0,2198,30,2228,0,2228,888,3116,71.5
,博愛里,2628,0,2266,0,0,54,0,4948,72,5020,0,5020,3048,8068,62.22
,福德里,2334,0,1768,0,0,26,0,4128,38,4166,0,4166,2504,6670,62.46
,永吉里,1754,0,1410,0,0,30,0,3194,54,3248,0,3248,1830,5078,63.96
,永發里,3908,0,2514,0,0,68,0,6490,70,6560,0,6560,3292,9852,66.59
,永順里,3276,0,2210,0,0,68,0,5554,86,5640,0,5640,2886,8526,66.15
,永豐里,3496,0,2310,0,0,64,0,5870,74,5944,0,5944,3484,9428,63.05
,立德里,2298,0,1724,0,0,46,0,4068,54,4122,0,4122,1752,5874,70.17
,福樂里,2426,0,1594,0,0,38,0,4058,74,4132,0,4132,2304,6436,64.2
,仁華里,2578,0,1876,0,0,44,0,4498,80,4578,0,4578,2696,7274,62.94
,五順里,2540,0,1830,0,0,48,0,4418,74,4492,0,4492,2174,6666,67.39
,總計,226180,0,172574,0,0,4330,0,403084,6220,409304,0,409304,219524,628828,65.09
中和區,,177230,0,236308,0,0,4732,0,418270,6678,424948,0,424948,258156,683104,62.21
,中原里,2226,0,2266,0,0,50,0,4542,44,4586,0,4586,3774,8360,54.86
,平河里,3902,0,4734,0,0,112,0,8748,134,8882,0,8882,6318,15200,58.43
,信和里,2268,0,2280,0,0,36,0,4584,102,4686,0,4686,2738,7424,63.12
,仁和里,2194,0,2404,0,0,52,0,4650,102,4752,0,4752,2772,7524,63.16
,中正里,2092,0,2410,0,0,58,0,4560,58,4618,0,4618,2348,6966,66.29
,建和里,1582,0,2752,0,0,44,0,4378,66,4444,0,4444,1954,6398,69.46
,連和里,760,0,1560,0,0,24,0,2344,38,2382,0,2382,1756,4138,57.56
,連城里,2882,0,4402,0,0,92,0,7376,120,7496,0,7496,3532,11028,67.97
,力行里,2630,0,3512,0,0,52,0,6194,90,6284,0,6284,3828,10112,62.14
,枋寮里,1688,0,1988,0,0,38,0,3714,62,3776,0,3776,2474,6250,60.42
,漳和里,1694,0,1924,0,0,42,0,3660,56,3716,0,3716,2320,6036,61.56
,廟美里,2300,0,2732,0,0,64,0,5096,56,5152,0,5152,2568,7720,66.74
,福真里,2374,0,2328,0,0,48,0,4750,90,4840,0,4840,2438,7278,66.5
,福善里,1944,0,2330,0,0,52,0,4326,68,4394,0,4394,3088,7482,58.73
,福美里,2370,0,2798,0,0,76,0,5244,60,5304,0,5304,2538,7842,67.64
,福祥里,2894,0,3072,0,0,66,0,6032,100,6132,0,6132,2774,8906,68.85
,瓦里,2436,0,2948,0,0,80,0,5464,86,5550,0,5550,3802,9352,59.35
,福和里,1952,0,2166,0,0,60,0,4178,64,4242,0,4242,2280,6522,65.04
,佳和里,2240,0,2580,0,0,44,0,4864,102,4966,0,4966,3344,8310,59.76
,安樂里,1380,0,2434,0,0,54,0,3868,40,3908,0,3908,2414,6322,61.82
,安和里,1364,0,1912,0,0,42,0,3318,70,3388,0,3388,1982,5370,63.09
,安平里,1916,0,3924,0,0,46,0,5886,118,6004,0,6004,3646,9650,62.22
,中安里,1484,0,2950,0,0,64,0,4498,70,4568,0,4568,3028,7596,60.14
,泰安里,1612,0,2056,0,0,42,0,3710,50,3760,0,3760,2474,6234,60.31
,新南里,3196,0,4790,0,0,106,0,8092,108,8200,0,8200,5396,13596,60.31
,南山里,2128,0,3060,0,0,72,0,5260,64,5324,0,5324,3566,8890,59.89
,秀山里,2028,0,2724,0,0,58,0,4810,108,4918,0,4918,3074,7992,61.54
,秀成里,1588,0,2086,0,0,34,0,3708,66,3774,0,3774,2382,6156,61.31
,秀福里,2106,0,2764,0,0,62,0,4932,62,4994,0,4994,3344,8338,59.89
,秀景里,2240,0,4016,0,0,52,0,6308,102,6410,0,6410,4636,11046,58.03
,秀明里,1418,0,3298,0,0,44,0,4760,62,4822,0,4822,3720,8542,56.45
,秀峰里,1388,0,2824,0,0,50,0,4262,70,4332,0,4332,2672,7004,61.85
,秀仁里,1348,0,2136,0,0,30,0,3514,52,3566,0,3566,2032,5598,63.7
,頂南里,1164,0,2310,0,0,42,0,3516,50,3566,0,3566,1904,5470,65.19
,華新里,2412,0,4676,0,0,56,0,7144,112,7256,0,7256,4858,12114,59.9
,東南里,1062,0,3354,0,0,42,0,4458,74,4532,0,4532,2482,7014,64.61
,華南里,1686,0,3294,0,0,42,0,5022,96,5118,0,5118,3458,8576,59.68
,忠孝里,1728,0,3294,0,0,38,0,5060,86,5146,0,5146,3550,8696,59.18
,崇南里,1290,0,2674,0,0,42,0,4006,78,4084,0,4084,2902,6986,58.46
,景南里,1220,0,2042,0,0,32,0,3294,56,3350,0,3350,2316,5666,59.12
,橫路里,246,0,224,0,0,2,0,472,12,484,0,484,182,666,72.67
,內南里,2052,0,3264,0,0,50,0,5366,98,5464,0,5464,3438,8902,61.38
,壽南里,1142,0,1462,0,0,44,0,2648,50,2698,0,2698,1538,4236,63.69
,外南里,1772,0,2370,0,0,50,0,4192,58,4250,0,4250,8444,12694,33.48
,復興里,2304,0,3402,0,0,78,0,5784,62,5846,0,5846,3110,8956,65.27
,和興里,1690,0,2644,0,0,52,0,4386,80,4466,0,4466,2874,7340,60.84
,景平里,2016,0,3588,0,0,68,0,5672,100,5772,0,5772,3598,9370,61.6
,景新里,1672,0,2222,0,0,20,0,3914,74,3988,0,3988,2404,6392,62.39
,景福里,2328,0,3060,0,0,72,0,5460,100,5560,0,5560,3668,9228,60.25
,景安里,2172,0,3310,0,0,88,0,5570,78,5648,0,5648,2662,8310,67.97
,景文里,1490,0,1970,0,0,30,0,3490,38,3528,0,3528,2084,5612,62.87
,錦和里,2448,0,2936,0,0,58,0,5442,78,5520,0,5520,3532,9052,60.98
,錦昌里,850,0,1394,0,0,16,0,2260,52,2312,0,2312,1512,3824,60.46
,灰里,472,0,366,0,0,12,0,850,14,864,0,864,438,1302,66.36
,積穗里,3958,0,4466,0,0,94,0,8518,124,8642,0,8642,5348,13990,61.77
,民享里,1694,0,1446,0,0,26,0,3166,56,3222,0,3222,1242,4464,72.18
,員山里,2932,0,3098,0,0,68,0,6098,84,6182,0,6182,3978,10160,60.85
,嘉穗里,1398,0,1452,0,0,32,0,2882,48,2930,0,2930,1682,4612,63.53
,文元里,3126,0,2670,0,0,40,0,5836,78,5914,0,5914,3480,9394,62.96
,嘉新里,2324,0,2328,0,0,58,0,4710,80,4790,0,4790,2070,6860,69.83
,民安里,2698,0,2346,0,0,56,0,5100,52,5152,0,5152,3390,8542,60.31
,安穗里,2470,0,2198,0,0,62,0,4730,84,4814,0,4814,3000,7814,61.61
,瑞穗里,1102,0,1512,0,0,38,0,2652,42,2694,0,2694,1354,4048,66.55
,明穗里,2722,0,2724,0,0,90,0,5536,104,5640,0,5640,2310,7950,70.94
,清穗里,1834,0,1852,0,0,62,0,3748,62,3810,0,3810,1808,5618,67.82
,自強里,2898,0,2606,0,0,70,0,5574,78,5652,0,5652,3090,8742,64.65
,德穗里,2176,0,2652,0,0,60,0,4888,78,4966,0,4966,2928,7894,62.91
,民生里,2426,0,2474,0,0,62,0,4962,50,5012,0,5012,2488,7500,66.83
,國光里,2084,0,2144,0,0,54,0,4282,42,4324,0,4324,2346,6670,64.83
,壽德里,1572,0,3272,0,0,52,0,4896,80,4976,0,4976,2684,7660,64.96
,明德里,2188,0,2138,0,0,72,0,4398,90,4488,0,4488,2276,6764,66.35
,秀水里,1348,0,2690,0,0,44,0,4082,70,4152,0,4152,2414,6566,63.23
,德行里,2592,0,3784,0,0,62,0,6438,98,6536,0,6536,4324,10860,60.18
,宜安里,736,0,1376,0,0,24,0,2136,32,2168,0,2168,1078,3246,66.79
,安順里,1780,0,3042,0,0,62,0,4884,82,4966,0,4966,2766,7732,64.23
,秀義里,1198,0,1730,0,0,40,0,2968,44,3012,0,3012,1722,4734,63.62
,秀士里,980,0,1818,0,0,42,0,2840,56,2896,0,2896,1520,4416,65.58
,興南里,1408,0,2048,0,0,36,0,3492,50,3542,0,3542,2224,5766,61.43
,景本里,1256,0,1558,0,0,36,0,2850,48,2898,0,2898,1096,3994,72.56
,福南里,1522,0,2754,0,0,30,0,4306,98,4404,0,4404,3044,7448,59.13
,中興里,2796,0,3972,0,0,56,0,6824,96,6920,0,6920,4268,11188,61.85
,吉興里,1180,0,1808,0,0,46,0,3034,62,3096,0,3096,2148,5244,59.04
,中山里,1456,0,1604,0,0,36,0,3096,94,3190,0,3190,1780,4970,64.19
,碧河里,2150,0,2338,0,0,60,0,4548,80,4628,0,4628,2342,6970,66.4
,錦中里,2144,0,2524,0,0,34,0,4702,78,4780,0,4780,2266,7046,67.84
,錦盛里,2004,0,2068,0,0,62,0,4134,84,4218,0,4218,2520,6738,62.6
,民有里,1598,0,1604,0,0,30,0,3232,32,3264,0,3264,1928,5192,62.87
,員富里,1810,0,1716,0,0,44,0,3570,52,3622,0,3622,2132,5754,62.95
,嘉慶里,2358,0,2580,0,0,70,0,5008,72,5080,0,5080,2360,7440,68.28
,冠穗里,1888,0,1868,0,0,36,0,3792,68,3860,0,3860,2230,6090,63.38
,國華里,1980,0,1938,0,0,42,0,3960,72,4032,0,4032,1892,5924,68.06
,正南里,1296,0,2408,0,0,38,0,3742,62,3804,0,3804,2526,6330,60.09
,正行里,1308,0,1686,0,0,26,0,3020,30,3050,0,3050,2136,5186,58.81
,總計,177230,0,236308,0,0,4732,0,418270,6678,424948,0,424948,258156,683104,62.21
永和區,,80534,0,133488,0,0,2292,0,216314,3198,219512,0,219512,145366,364878,60.16
,福林里,1352,0,2048,0,0,50,0,3450,54,3504,0,3504,2430,5934,59.05
,文化里,982,0,1738,0,0,24,0,2744,42,2786,0,2786,1918,4704,59.23
,豫溪里,1208,0,2286,0,0,28,0,3522,50,3572,0,3572,5178,8750,40.82
,光明里,1152,0,2010,0,0,50,0,3212,60,3272,0,3272,2026,5298,61.76
,仁愛里,1170,0,1778,0,0,30,0,2978,48,3026,0,3026,1542,4568,66.24
,永貞里,1426,0,2250,0,0,42,0,3718,50,3768,0,3768,2228,5996,62.84
,永福里,1166,0,1862,0,0,24,0,3052,36,3088,0,3088,1836,4924,62.71
,民治里,1030,0,1968,0,0,22,0,3020,76,3096,0,3096,1978,5074,61.02
,永成里,172,0,906,0,0,14,0,1092,20,1112,0,1112,708,1820,61.1
,忠義里,140,0,690,0,0,10,0,840,14,854,0,854,546,1400,61.0
,永元里,1982,0,3128,0,0,60,0,5170,92,5262,0,5262,2980,8242,63.84
,秀林里,1738,0,2198,0,0,34,0,3970,68,4038,0,4038,2312,6350,63.59
,保安里,2750,0,4088,0,0,72,0,6910,80,6990,0,6990,5096,12086,57.84
,中溪里,2242,0,2910,0,0,36,0,5188,104,5292,0,5292,3322,8614,61.43
,永安里,1440,0,2648,0,0,34,0,4122,52,4174,0,4174,2926,7100,58.79
,民族里,1602,0,2922,0,0,42,0,4566,62,4628,0,4628,3268,7896,58.61
,民權里,1618,0,2926,0,0,80,0,4624,60,4684,0,4684,3004,7688,60.93
,中興里,1176,0,1862,0,0,34,0,3072,40,3112,0,3112,2020,5132,60.64
,勵行里,658,0,644,0,0,10,0,1312,18,1330,0,1330,772,2102,63.27
,秀朗里,1890,0,2558,0,0,58,0,4506,82,4588,0,4588,2304,6892,66.57
,秀成里,1358,0,1968,0,0,32,0,3358,36,3394,0,3394,1746,5140,66.03
,上溪里,764,0,1234,0,0,24,0,2022,26,2048,0,2048,1558,3606,56.79
,竹林里,1502,0,2558,0,0,24,0,4084,102,4186,0,4186,2238,6424,65.16
,雙和里,1480,0,2294,0,0,46,0,3820,54,3874,0,3874,2700,6574,58.93
,安和里,1460,0,2588,0,0,36,0,4084,54,4138,0,4138,2698,6836,60.53
,水源里,1580,0,2588,0,0,56,0,4224,68,4292,0,4292,2772,7064,60.76
,協和里,1186,0,1736,0,0,16,0,2938,50,2988,0,2988,2054,5042,59.26
,河堤里,1034,0,1828,0,0,40,0,2902,36,2938,0,2938,2460,5398,54.43
,頂溪里,1034,0,1616,0,0,24,0,2674,36,2710,0,2710,1670,4380,61.87
,潭墘里,1454,0,3056,0,0,52,0,4562,72,4634,0,4634,3008,7642,60.64
,潭安里,1570,0,3116,0,0,44,0,4730,50,4780,0,4780,3384,8164,58.55
,大新里,972,0,1772,0,0,34,0,2778,32,2810,0,2810,1766,4576,61.41
,保平里,2128,0,2760,0,0,50,0,4938,72,5010,0,5010,3080,8090,61.93
,民本里,1436,0,2114,0,0,38,0,3588,56,3644,0,3644,2954,6598,55.23
,民樂里,1610,0,3234,0,0,36,0,4880,84,4964,0,4964,3058,8022,61.88
,光復里,632,0,1128,0,0,26,0,1786,32,1818,0,1818,1168,2986,60.88
,復興里,830,0,1550,0,0,34,0,2414,28,2442,0,2442,1742,4184,58.37
,福和里,1658,0,3268,0,0,54,0,4980,52,5032,0,5032,3998,9030,55.73
,得和里,1686,0,3030,0,0,70,0,4786,68,4854,0,4854,2658,7512,64.62
,智光里,1296,0,1964,0,0,42,0,3302,54,3356,0,3356,2422,5778,58.08
,新生里,370,0,742,0,0,28,0,1140,44,1184,0,1184,530,1714,69.08
,大同里,254,0,818,0,0,22,0,1094,22,1116,0,1116,624,1740,64.14
,前溪里,774,0,1288,0,0,32,0,2094,30,2124,0,2124,1478,3602,58.97
,和平里,1932,0,2714,0,0,38,0,4684,68,4752,0,4752,3564,8316,57.14
,新里,874,0,1532,0,0,26,0,2432,24,2456,0,2456,1590,4046,60.7
,下溪里,1656,0,2300,0,0,46,0,4002,54,4056,0,4056,2660,6716,60.39
,秀和里,2046,0,3032,0,0,38,0,5116,88,5204,0,5204,3218,8422,61.79
,河濱里,1176,0,2078,0,0,32,0,3286,48,3334,0,3334,2216,5550,60.07
,民生里,1818,0,2714,0,0,56,0,4588,62,4650,0,4650,2214,6864,67.74
,秀得里,978,0,1750,0,0,12,0,2740,26,2766,0,2766,1782,4548,60.82
,上林里,1096,0,2228,0,0,24,0,3348,50,3398,0,3398,2540,5938,57.22
,網溪里,484,0,836,0,0,20,0,1340,24,1364,0,1364,722,2086,65.39
,正興里,880,0,1510,0,0,52,0,2442,38,2480,0,2480,1406,3886,63.82
,永興里,1130,0,2016,0,0,24,0,3170,40,3210,0,3210,2422,5632,57.0
,桂林里,1046,0,2496,0,0,32,0,3574,40,3614,0,3614,2736,6350,56.91
,店街里,1380,0,2552,0,0,42,0,3974,48,4022,0,4022,3188,7210,55.78
,信義里,1130,0,1746,0,0,42,0,2918,48,2966,0,2966,1738,4704,63.05
,後溪里,992,0,1126,0,0,16,0,2134,32,2166,0,2166,1006,3172,68.28
,民富里,1282,0,1820,0,0,24,0,3126,66,3192,0,3192,1940,5132,62.2
,秀元里,1272,0,1888,0,0,28,0,3188,26,3214,0,3214,2106,5320,60.41
,永樂里,1048,0,1556,0,0,36,0,2640,42,2682,0,2682,1528,4210,63.71
,保順里,3352,0,5924,0,0,90,0,9366,108,9474,0,9474,6630,16104,58.83
,總計,80534,0,133488,0,0,2292,0,216314,3198,219512,0,219512,145366,364878,60.16
新莊區,,210928,0,173764,0,0,4170,0,388862,5214,394076,0,394076,244596,638672,61.7
,海山里,2982,0,2440,0,0,42,0,5464,58,5522,0,5522,3694,9216,59.92
,頭前里,3580,0,2274,0,0,70,0,5924,64,5988,0,5988,3734,9722,61.59
,國泰里,930,0,834,0,0,30,0,1794,42,1836,0,1836,824,2660,69.02
,全安里,2660,0,2194,0,0,58,0,4912,56,4968,0,4968,2612,7580,65.54
,福基里,1980,0,1614,0,0,44,0,3638,46,3684,0,3684,2380,6064,60.75
,豐年里,2268,0,1848,0,0,44,0,4160,60,4220,0,4220,2190,6410,65.83
,忠孝里,2828,0,2426,0,0,34,0,5288,52,5340,0,5340,2864,8204,65.09
,恆安里,2372,0,2104,0,0,60,0,4536,60,4596,0,4596,2990,7586,60.59
,後港里,3906,0,2990,0,0,74,0,6970,66,7036,0,7036,4898,11934,58.96
,文衡里,1378,0,1106,0,0,24,0,2508,36,2544,0,2544,1046,3590,70.86
,中美里,3584,0,2816,0,0,88,0,6488,102,6590,0,6590,3162,9752,67.58
,八德里,1788,0,1456,0,0,32,0,3276,42,3318,0,3318,2022,5340,62.13
,興漢里,1792,0,1814,0,0,32,0,3638,64,3702,0,3702,2352,6054,61.15
,中和里,3138,0,2232,0,0,56,0,5426,90,5516,0,5516,2482,7998,68.97
,西盛里,5456,0,4540,0,0,104,0,10100,110,10210,0,10210,6454,16664,61.27
,榮和里,1554,0,1458,0,0,16,0,3028,54,3082,0,3082,5406,8488,36.31
,中泰里,3032,0,2062,0,0,68,0,5162,64,5226,0,5226,2420,7646,68.35
,瓊林里,3590,0,2178,0,0,54,0,5822,90,5912,0,5912,4116,10028,58.95
,文德里,990,0,880,0,0,24,0,1894,30,1924,0,1924,1114,3038,63.33
,中誠里,1318,0,888,0,0,16,0,2222,36,2258,0,2258,1528,3786,59.64
,裕民里,3994,0,2936,0,0,60,0,6990,104,7094,0,7094,4384,11478,61.81
,文明里,1230,0,1040,0,0,34,0,2304,26,2330,0,2330,836,3166,73.59
,中港里,3350,0,2786,0,0,52,0,6188,82,6270,0,6270,4194,10464,59.92
,富國里,1390,0,976,0,0,28,0,2394,42,2436,0,2436,1824,4260,57.18
,思源里,3408,0,2340,0,0,68,0,5816,82,5898,0,5898,3256,9154,64.43
,立人里,862,0,1332,0,0,20,0,2214,28,2242,0,2242,1666,3908,57.37
,南港里,2874,0,2586,0,0,72,0,5532,112,5644,0,5644,3250,8894,63.46
,仁愛里,1736,0,1342,0,0,36,0,3114,50,3164,0,3164,1554,4718,67.06
,立德里,1456,0,1282,0,0,42,0,2780,44,2824,0,2824,1592,4416,63.95
,信義里,2922,0,2302,0,0,54,0,5278,90,5368,0,5368,3760,9128,58.81
,立言里,3026,0,2714,0,0,70,0,5810,80,5890,0,5890,2846,8736,67.42
,民安里,2988,0,2782,0,0,60,0,5830,82,5912,0,5912,3692,9604,61.56
,和平里,3052,0,2160,0,0,54,0,5266,74,5340,0,5340,2896,8236,64.84
,立功里,2190,0,1634,0,0,44,0,3868,56,3924,0,3924,2380,6304,62.25
,民本里,1964,0,1080,0,0,8,0,3052,48,3100,0,3100,2276,5376,57.66
,化成里,2040,0,1388,0,0,38,0,3466,44,3510,0,3510,2208,5718,61.39
,立志里,2312,0,1674,0,0,44,0,4030,58,4088,0,4088,2628,6716,60.87
,光華里,3776,0,3214,0,0,84,0,7074,80,7154,0,7154,4320,11474,62.35
,思賢里,2510,0,2190,0,0,50,0,4750,76,4826,0,4826,2292,7118,67.8
,營盤里,1414,0,1080,0,0,22,0,2516,48,2564,0,2564,1480,4044,63.4
,光榮里,2234,0,2010,0,0,54,0,4298,56,4354,0,4354,2706,7060,61.67
,自強里,1962,0,1230,0,0,58,0,3250,56,3306,0,3306,1566,4872,67.86
,丹鳳里,3772,0,3528,0,0,94,0,7394,82,7476,0,7476,5206,12682,58.95
,光明里,2294,0,1812,0,0,54,0,4160,44,4204,0,4204,3078,7282,57.73
,自立里,3502,0,2610,0,0,60,0,6172,124,6296,0,6296,2902,9198,68.45
,合鳳里,2368,0,2006,0,0,54,0,4428,66,4494,0,4494,3276,7770,57.84
,幸福里,2690,0,1976,0,0,68,0,4734,66,4800,0,4800,2796,7596,63.19
,雙鳳里,4430,0,4376,0,0,96,0,8902,142,9044,0,9044,7552,16596,54.5
,自信里,1454,0,1046,0,0,12,0,2512,38,2550,0,2550,1696,4246,60.06
,龍鳳里,4236,0,3966,0,0,80,0,8282,84,8366,0,8366,5148,13514,61.91
,中華里,1628,0,1426,0,0,26,0,3080,38,3118,0,3118,1440,4558,68.41
,中隆里,2412,0,2018,0,0,48,0,4478,84,4562,0,4562,2602,7164,63.68
,中原里,5234,0,4368,0,0,112,0,9714,90,9804,0,9804,5410,15214,64.44
,中信里,4638,0,3836,0,0,82,0,8556,82,8638,0,8638,5172,13810,62.55
,四維里,2568,0,1628,0,0,46,0,4242,60,4302,0,4302,3620,7922,54.3
,建福里,1604,0,1590,0,0,36,0,3230,60,3290,0,3290,1268,4558,72.18
,中宏里,2104,0,1564,0,0,56,0,3724,44,3768,0,3768,2470,6238,60.4
,中全里,2312,0,1330,0,0,26,0,3668,62,3730,0,3730,2542,6272,59.47
,立泰里,2742,0,2482,0,0,52,0,5276,78,5354,0,5354,2864,8218,65.15
,全泰里,2708,0,2854,0,0,74,0,5636,64,5700,0,5700,2946,8646,65.93
,仁義里,2522,0,1716,0,0,34,0,4272,60,4332,0,4332,2142,6474,66.91
,立基里,3212,0,2808,0,0,72,0,6092,102,6194,0,6194,4198,10392,59.6
,昌明里,2458,0,1840,0,0,46,0,4344,58,4402,0,4402,1828,6230,70.66
,昌平里,2208,0,2290,0,0,46,0,4544,70,4614,0,4614,3196,7810,59.08
,文聖里,1966,0,2176,0,0,46,0,4188,36,4224,0,4224,1886,6110,69.13
,萬安里,2074,0,1470,0,0,36,0,3580,42,3622,0,3622,2944,6566,55.16
,龍安里,1412,0,1070,0,0,30,0,2512,26,2538,0,2538,1508,4046,62.73
,福營里,1522,0,1036,0,0,20,0,2578,50,2628,0,2628,1734,4362,60.25
,後德里,1824,0,1926,0,0,54,0,3804,58,3862,0,3862,1494,5356,72.11
,建安里,3494,0,2716,0,0,62,0,6272,64,6336,0,6336,4272,10608,59.73
,成德里,2502,0,2050,0,0,62,0,4614,68,4682,0,4682,3566,8248,56.77
,福興里,3162,0,2630,0,0,88,0,5880,74,5954,0,5954,3330,9284,64.13
,昌信里,1800,0,1458,0,0,38,0,3296,38,3334,0,3334,2362,5696,58.53
,昌隆里,2168,0,2002,0,0,36,0,4206,40,4246,0,4246,2720,6966,60.95
,中平里,3838,0,3818,0,0,78,0,7734,66,7800,0,7800,5310,13110,59.5
,立廷里,4706,0,4668,0,0,80,0,9454,96,9550,0,9550,7320,16870,56.61
,泰豐里,1336,0,1104,0,0,30,0,2470,26,2496,0,2496,1636,4132,60.41
,富民里,1968,0,1600,0,0,38,0,3606,40,3646,0,3646,2684,6330,57.6
,龍福里,928,0,1134,0,0,18,0,2080,26,2106,0,2106,1644,3750,56.16
,祥鳳里,1282,0,1126,0,0,24,0,2432,32,2464,0,2464,1470,3934,62.63
,民全里,2168,0,1662,0,0,38,0,3868,64,3932,0,3932,2254,6186,63.56
,民有里,2126,0,2008,0,0,42,0,4176,40,4216,0,4216,2370,6586,64.01
,光正里,2158,0,1770,0,0,34,0,3962,52,4014,0,4014,2860,6874,58.39
,光和里,1582,0,1038,0,0,20,0,2640,38,2678,0,2678,1986,4664,57.42
,總計,210928,0,173764,0,0,4170,0,388862,5214,394076,0,394076,244596,638672,61.7
新店區,,103960,0,177730,0,0,3006,0,284696,4510,289206,0,289206,204880,494086,58.53
,國豐里,1002,0,2338,0,0,42,0,3382,42,3424,0,3424,2620,6044,56.65
,明德里,1406,0,2648,0,0,34,0,4088,56,4144,0,4144,2978,7122,58.19
,大豐里,1514,0,2388,0,0,48,0,3950,58,4008,0,4008,2514,6522,61.45
,大同里,1702,0,2782,0,0,42,0,4526,94,4620,0,4620,2424,7044,65.59
,江陵里,1792,0,3576,0,0,52,0,5420,74,5494,0,5494,3970,9464,58.05
,寶興里,1866,0,3130,0,0,52,0,5048,106,5154,0,5154,3690,8844,58.28
,寶安里,1800,0,3702,0,0,50,0,5552,74,5626,0,5626,4210,9836,57.2
,信義里,2492,0,3822,0,0,54,0,6368,90,6458,0,6458,4660,11118,58.09
,忠孝里,806,0,1660,0,0,36,0,2502,30,2532,0,2532,2404,4936,51.3
,大鵬里,362,0,2604,0,0,18,0,2984,52,3036,0,3036,1600,4636,65.49
,太平里,1112,0,1728,0,0,34,0,2874,70,2944,0,2944,2348,5292,55.63
,頂城里,728,0,922,0,0,6,0,1656,22,1678,0,1678,1280,2958,56.73
,下城里,1338,0,1518,0,0,34,0,2890,58,2948,0,2948,2462,5410,54.49
,柴埕里,3166,0,4520,0,0,68,0,7754,128,7882,0,7882,6440,14322,55.03
,永安里,2168,0,2652,0,0,62,0,4882,82,4964,0,4964,3932,8896,55.8
,公崙里,3772,0,6216,0,0,76,0,10064,126,10190,0,10190,7942,18132,56.2
,德安里,2806,0,3698,0,0,76,0,6580,104,6684,0,6684,3994,10678,62.6
,雙城里,2756,0,3270,0,0,54,0,6080,80,6160,0,6160,3618,9778,63.0
,日興里,2386,0,3048,0,0,62,0,5496,122,5618,0,5618,4454,10072,55.78
,玫瑰里,1792,0,3754,0,0,62,0,5608,82,5690,0,5690,4454,10144,56.09
,塗潭里,842,0,306,0,0,30,0,1178,20,1198,0,1198,532,1730,69.25
,美潭里,2122,0,3424,0,0,66,0,5612,114,5726,0,5726,3322,9048,63.28
,員潭里,1818,0,2730,0,0,40,0,4588,104,4692,0,4692,3214,7906,59.35
,雙坑里,556,0,396,0,0,20,0,972,24,996,0,996,504,1500,66.4
,粗坑里,1582,0,1944,0,0,58,0,3584,78,3662,0,3662,1764,5426,67.49
,屈尺里,1556,0,1538,0,0,46,0,3140,104,3244,0,3244,1356,4600,70.52
,龜山里,926,0,758,0,0,14,0,1698,20,1718,0,1718,1378,3096,55.49
,廣興里,938,0,518,0,0,22,0,1478,22,1500,0,1500,948,2448,61.27
,直潭里,808,0,472,0,0,18,0,1298,16,1314,0,1314,840,2154,61.0
,青潭里,2280,0,3154,0,0,72,0,5506,96,5602,0,5602,3690,9292,60.29
,新店里,1012,0,910,0,0,20,0,1942,58,2000,0,2000,1040,3040,65.79
,張南里,868,0,1338,0,0,22,0,2228,38,2266,0,2266,1258,3524,64.3
,國校里,1024,0,1366,0,0,44,0,2434,46,2480,0,2480,1930,4410,56.24
,文中里,580,0,1272,0,0,34,0,1886,46,1932,0,1932,1152,3084,62.65
,廣明里,550,0,392,0,0,12,0,954,16,970,0,970,506,1476,65.72
,文明里,1230,0,1310,0,0,40,0,2580,48,2628,0,2628,1532,4160,63.17
,中興里,1834,0,3534,0,0,64,0,5432,78,5510,0,5510,7756,13266,41.53
,新生里,2166,0,3910,0,0,50,0,6126,72,6198,0,6198,4090,10288,60.24
,新德里,1206,0,1610,0,0,34,0,2850,44,2894,0,2894,1930,4824,59.99
,張北里,2586,0,4908,0,0,92,0,7586,118,7704,0,7704,5358,13062,58.98
,五峯里,2502,0,4650,0,0,78,0,7230,92,7322,0,7322,5134,12456,58.78
,新安里,1304,0,2720,0,0,38,0,4062,66,4128,0,4128,3200,7328,56.33
,忠誠里,970,0,1736,0,0,24,0,2730,30,2760,0,2760,1608,4368,63.19
,中正里,2094,0,4234,0,0,68,0,6396,102,6498,0,6498,4574,11072,58.69
,中華里,1256,0,2794,0,0,46,0,4096,74,4170,0,4170,3070,7240,57.6
,仁愛里,728,0,1394,0,0,14,0,2136,42,2178,0,2178,1482,3660,59.51
,百忍里,1364,0,2724,0,0,28,0,4116,52,4168,0,4168,2686,6854,60.81
,百和里,1302,0,2184,0,0,40,0,3526,46,3572,0,3572,2196,5768,61.93
,福德里,1398,0,2418,0,0,42,0,3858,66,3924,0,3924,3028,6952,56.44
,百福里,1052,0,2226,0,0,40,0,3318,40,3358,0,3358,2382,5740,58.5
,福民里,982,0,2852,0,0,32,0,3866,68,3934,0,3934,3084,7018,56.06
,中山里,1372,0,3558,0,0,46,0,4976,74,5050,0,5050,3390,8440,59.83
,和平里,344,0,698,0,0,14,0,1056,30,1086,0,1086,464,1550,70.06
,中央里,1782,0,3904,0,0,66,0,5752,86,5838,0,5838,3684,9522,61.31
,明城里,988,0,2466,0,0,52,0,3506,44,3550,0,3550,2404,5954,59.62
,安和里,2696,0,3682,0,0,68,0,6446,90,6536,0,6536,5134,11670,56.01
,吉祥里,1284,0,3300,0,0,40,0,4624,40,4664,0,4664,3578,8242,56.59
,寶福里,2328,0,4368,0,0,76,0,6772,118,6890,0,6890,5152,12042,57.22
,小城里,1224,0,2926,0,0,42,0,4192,40,4232,0,4232,2198,6430,65.82
,香坡里,2808,0,6360,0,0,78,0,9246,136,9382,0,9382,7322,16704,56.17
,建國里,1080,0,2432,0,0,24,0,3536,72,3608,0,3608,1942,5550,65.01
,復興里,1238,0,1932,0,0,28,0,3198,34,3232,0,3232,2578,5810,55.63
,美城里,1078,0,1692,0,0,26,0,2796,46,2842,0,2842,1830,4672,60.83
,安昌里,1660,0,3252,0,0,46,0,4958,78,5036,0,5036,3366,8402,59.94
,長春里,734,0,1654,0,0,22,0,2410,28,2438,0,2438,1936,4374,55.74
,新和里,1352,0,2422,0,0,44,0,3818,46,3864,0,3864,3124,6988,55.29
,永平里,2140,0,3448,0,0,62,0,5650,84,5734,0,5734,3496,9230,62.12
,達觀里,912,0,2534,0,0,52,0,3498,34,3532,0,3532,2726,6258,56.44
,華城里,738,0,1404,0,0,10,0,2152,40,2192,0,2192,2018,4210,52.07
,總計,103960,0,177730,0,0,3006,0,284696,4510,289206,0,289206,204880,494086,58.53
樹林區,,90688,0,79450,0,0,2042,0,172180,2632,174812,0,174812,110058,284870,61.37
,三多里,2162,0,1570,0,0,46,0,3778,68,3846,0,3846,2862,6708,57.33
,三福里,2098,0,2252,0,0,58,0,4408,56,4464,0,4464,2406,6870,64.98
,三興里,2614,0,2228,0,0,68,0,4910,72,4982,0,4982,3114,8096,61.54
,圳安里,1980,0,1414,0,0,32,0,3426,38,3464,0,3464,2434,5898,58.73
,保安里,3718,0,3288,0,0,92,0,7098,122,7220,0,7220,3580,10800,66.85
,潭底里,2484,0,1914,0,0,60,0,4458,68,4526,0,4526,3664,8190,55.26
,寮里,2488,0,1900,0,0,46,0,4434,64,4498,0,4498,3698,8196,54.88
,樹德里,2188,0,1780,0,0,42,0,4010,56,4066,0,4066,2318,6384,63.69
,樹西里,2758,0,2890,0,0,88,0,5736,88,5824,0,5824,3072,8896,65.47
,樹南里,2306,0,2152,0,0,58,0,4516,96,4612,0,4612,2650,7262,63.51
,樹人里,1696,0,1946,0,0,34,0,3676,64,3740,0,3740,1804,5544,67.46
,坡內里,1102,0,944,0,0,22,0,2068,26,2094,0,2094,792,2886,72.56
,樹東里,628,0,622,0,0,10,0,1260,16,1276,0,1276,886,2162,59.02
,大同里,1582,0,1550,0,0,40,0,3172,56,3228,0,3228,2308,5536,58.31
,和平里,2272,0,1646,0,0,40,0,3958,70,4028,0,4028,2802,6830,58.98
,彭厝里,2862,0,2218,0,0,74,0,5154,66,5220,0,5220,3204,8424,61.97
,彭福里,2726,0,2158,0,0,60,0,4944,52,4996,0,4996,3576,8572,58.28
,東山里,1982,0,1392,0,0,36,0,3410,54,3464,0,3464,2050,5514,62.82
,東陽里,3298,0,3034,0,0,68,0,6400,84,6484,0,6484,3322,9806,66.12
,東昇里,2640,0,2168,0,0,38,0,4846,74,4920,0,4920,2964,7884,62.4
,樂山里,1024,0,746,0,0,18,0,1788,38,1826,0,1826,1188,3014,60.58
,東園里,1156,0,638,0,0,18,0,1812,26,1838,0,1838,1158,2996,61.35
,西園里,1358,0,762,0,0,36,0,2156,40,2196,0,2196,974,3170,69.27
,南園里,4716,0,6192,0,0,102,0,11010,160,11170,0,11170,9292,20462,54.59
,北園里,1356,0,834,0,0,20,0,2210,54,2264,0,2264,1480,3744,60.47
,柑園里,3344,0,4044,0,0,92,0,7480,138,7618,0,7618,5650,13268,57.42
,樹北里,668,0,524,0,0,20,0,1212,32,1244,0,1244,536,1780,69.89
,圳福里,2320,0,2156,0,0,60,0,4536,82,4618,0,4618,2766,7384,62.54
,樹興里,1820,0,1764,0,0,52,0,3636,52,3688,0,3688,2552,6240,59.1
,樹福里,2106,0,1990,0,0,44,0,4140,82,4222,0,4222,1742,5964,70.79
,光興里,2118,0,1476,0,0,40,0,3634,58,3692,0,3692,2800,6492,56.87
,金寮里,2262,0,1798,0,0,60,0,4120,60,4180,0,4180,2786,6966,60.01
,彭興里,3252,0,2536,0,0,70,0,5858,80,5938,0,5938,3898,9836,60.37
,文林里,2802,0,2518,0,0,48,0,5368,74,5442,0,5442,3036,8478,64.19
,山佳里,3152,0,2796,0,0,76,0,6024,58,6082,0,6082,3304,9386,64.8
,中山里,2944,0,2384,0,0,64,0,5392,82,5474,0,5474,3208,8682,63.05
,育英里,1778,0,1560,0,0,56,0,3394,52,3446,0,3446,1686,5132,67.15
,中華里,1546,0,1444,0,0,38,0,3028,38,3066,0,3066,2426,5492,55.83
,太順里,1426,0,1184,0,0,42,0,2652,34,2686,0,2686,1990,4676,57.44
,圳民里,1410,0,1240,0,0,24,0,2674,36,2710,0,2710,1984,4694,57.73
,圳生里,1206,0,632,0,0,18,0,1856,40,1896,0,1896,1120,3016,62.86
,三龍里,1340,0,1166,0,0,32,0,2538,26,2564,0,2564,976,3540,72.43
,總計,90688,0,79450,0,0,2042,0,172180,2632,174812,0,174812,110058,284870,61.37
鶯歌區,,44076,0,40498,0,0,1242,0,85816,1494,87310,0,87310,49428,136738,63.85
,東鶯里,696,0,542,0,0,14,0,1252,34,1286,0,1286,458,1744,73.74
,西鶯里,1440,0,1372,0,0,36,0,2848,52,2900,0,2900,1198,4098,70.77
,南鶯里,3122,0,2620,0,0,94,0,5836,78,5914,0,5914,3738,9652,61.27
,北鶯里,1768,0,1820,0,0,46,0,3634,62,3696,0,3696,3216,6912,53.47
,中鶯里,636,0,604,0,0,26,0,1266,22,1288,0,1288,530,1818,70.85
,建德里,358,0,366,0,0,26,0,750,14,764,0,764,186,950,80.42
,同慶里,1230,0,904,0,0,20,0,2154,30,2184,0,2184,860,3044,71.75
,永昌里,4504,0,4322,0,0,142,0,8968,118,9086,0,9086,4938,14024,64.79
,南靖里,2016,0,1764,0,0,48,0,3828,50,3878,0,3878,2194,6072,63.87
,尖山里,3770,0,3086,0,0,94,0,6950,124,7074,0,7074,4772,11846,59.72
,二橋里,4124,0,3412,0,0,118,0,7654,158,7812,0,7812,4782,12594,62.03
,二甲里,590,0,514,0,0,10,0,1114,28,1142,0,1142,556,1698,67.26
,東湖里,196,0,154,0,0,10,0,360,10,370,0,370,144,514,71.98
,大湖里,2662,0,3038,0,0,84,0,5784,130,5914,0,5914,3418,9332,63.37
,鳳鳴里,2650,0,2340,0,0,68,0,5058,134,5192,0,5192,2706,7898,65.74
,鳳福里,2560,0,2382,0,0,76,0,5018,110,5128,0,5128,2198,7326,70.0
,永吉里,2730,0,2870,0,0,74,0,5674,82,5756,0,5756,2536,8292,69.42
,中湖里,3076,0,3228,0,0,90,0,6394,104,6498,0,6498,3612,10110,64.27
,鳳祥里,2608,0,1990,0,0,62,0,4660,54,4714,0,4714,3204,7918,59.54
,建國里,3340,0,3170,0,0,104,0,6614,100,6714,0,6714,4182,10896,61.62
,總計,44076,0,40498,0,0,1242,0,85816,1494,87310,0,87310,49428,136738,63.85
三峽區,,49494,0,48778,0,0,1338,0,99610,1602,101212,0,101212,67752,168964,59.9
,三峽里,216,0,234,0,0,10,0,460,6,466,0,466,110,576,80.9
,秀川里,324,0,340,0,0,6,0,670,18,688,0,688,406,1094,62.89
,八張里,1832,0,1792,0,0,72,0,3696,38,3734,0,3734,2538,6272,59.53
,中埔里,1244,0,1254,0,0,34,0,2532,30,2562,0,2562,1610,4172,61.41
,弘道里,870,0,556,0,0,26,0,1452,24,1476,0,1476,606,2082,70.89
,永舘里,3794,0,3338,0,0,86,0,7218,112,7330,0,7330,4688,12018,60.99
,礁溪里,2672,0,2508,0,0,64,0,5244,88,5332,0,5332,3648,8980,59.38
,鳶山里,4696,0,4438,0,0,100,0,9234,180,9414,0,9414,6456,15870,59.32
,龍埔里,3800,0,3612,0,0,108,0,7520,108,7628,0,7628,5876,13504,56.49
,大埔里,1974,0,2198,0,0,58,0,4230,78,4308,0,4308,2618,6926,62.2
,嘉添里,1182,0,1558,0,0,30,0,2770,64,2834,0,2834,1682,4516,62.75
,添福里,874,0,728,0,0,26,0,1628,26,1654,0,1654,420,2074,79.75
,金圳里,338,0,256,0,0,10,0,604,10,614,0,614,350,964,63.69
,五寮里,610,0,632,0,0,16,0,1258,26,1284,0,1284,362,1646,78.01
,插角里,550,0,348,0,0,10,0,908,14,922,0,922,524,1446,63.76
,有木里,596,0,412,0,0,22,0,1030,30,1060,0,1060,386,1446,73.31
,溪北里,1584,0,1058,0,0,40,0,2682,42,2724,0,2724,1174,3898,69.88
,溪南里,1174,0,852,0,0,32,0,2058,38,2096,0,2096,588,2684,78.09
,溪東里,1632,0,1724,0,0,66,0,3422,50,3472,0,3472,1748,5220,66.51
,成福里,794,0,542,0,0,20,0,1356,14,1370,0,1370,362,1732,79.1
,安坑里,1006,0,532,0,0,12,0,1550,36,1586,0,1586,1006,2592,61.19
,竹崙里,1404,0,738,0,0,44,0,2186,28,2214,0,2214,1482,3696,59.9
,介壽里,3082,0,2486,0,0,70,0,5638,94,5732,0,5732,4968,10700,53.57
,安溪里,3364,0,3412,0,0,98,0,6874,110,6984,0,6984,5112,12096,57.74
,中正里,2498,0,2262,0,0,40,0,4800,86,4886,0,4886,3584,8470,57.69
,二鬮里,1636,0,1894,0,0,46,0,3576,48,3624,0,3624,2140,5764,62.87
,龍學里,4086,0,6380,0,0,114,0,10580,144,10724,0,10724,9294,20018,53.57
,龍恩里,1662,0,2694,0,0,78,0,4434,60,4494,0,4494,4014,8508,52.82
,總計,49494,0,48778,0,0,1338,0,99610,1602,101212,0,101212,67752,168964,59.9
淡水區,,67002,0,79528,0,0,2086,0,148616,2596,151212,0,151212,103800,255012,59.3
,中和里,522,0,400,0,0,28,0,950,16,966,0,966,150,1116,86.56
,屯山里,752,0,616,0,0,34,0,1402,30,1432,0,1432,556,1988,72.03
,賢孝里,788,0,986,0,0,22,0,1796,48,1844,0,1844,924,2768,66.62
,興仁里,994,0,992,0,0,42,0,2028,36,2064,0,2064,926,2990,69.03
,蕃薯里,516,0,716,0,0,26,0,1258,32,1290,0,1290,616,1906,67.68
,義山里,1482,0,1868,0,0,50,0,3400,88,3488,0,3488,1564,5052,69.04
,忠山里,532,0,620,0,0,30,0,1182,44,1226,0,1226,316,1542,79.51
,崁頂里,2338,0,3590,0,0,88,0,6016,84,6100,0,6100,5142,11242,54.26
,埤島里,836,0,930,0,0,42,0,1808,56,1864,0,1864,824,2688,69.35
,新興里,2474,0,3196,0,0,66,0,5736,82,5818,0,5818,4990,10808,53.83
,水碓里,3002,0,3072,0,0,100,0,6174,142,6316,0,6316,3402,9718,64.99
,北投里,3416,0,4584,0,0,118,0,8118,124,8242,0,8242,5426,13668,60.3
,水源里,1544,0,1150,0,0,48,0,2742,66,2808,0,2808,1174,3982,70.52
,忠寮里,894,0,630,0,0,42,0,1566,50,1616,0,1616,466,2082,77.62
,樹興里,790,0,700,0,0,14,0,1504,36,1540,0,1540,784,2324,66.27
,坪頂里,816,0,736,0,0,36,0,1588,38,1626,0,1626,940,2566,63.37
,福德里,2582,0,3750,0,0,66,0,6398,82,6480,0,6480,4766,11246,57.62
,竹圍里,2670,0,3516,0,0,84,0,6270,78,6348,0,6348,4140,10488,60.53
,民生里,3078,0,3722,0,0,104,0,6904,122,7026,0,7026,4948,11974,58.68
,八勢里,1964,0,2362,0,0,54,0,4380,74,4454,0,4454,4308,8762,50.83
,竿蓁里,3256,0,4728,0,0,74,0,8058,96,8154,0,8154,8268,16422,49.65
,鄧公里,2492,0,3210,0,0,54,0,5756,86,5842,0,5842,4242,10084,57.93
,中興里,2034,0,2286,0,0,46,0,4366,76,4442,0,4442,2664,7106,62.51
,長庚里,870,0,934,0,0,28,0,1832,34,1866,0,1866,858,2724,68.5
,清文里,676,0,626,0,0,26,0,1328,42,1370,0,1370,778,2148,63.78
,草東里,530,0,440,0,0,6,0,976,12,988,0,988,518,1506,65.6
,協元里,934,0,884,0,0,30,0,1848,40,1888,0,1888,866,2754,68.55
,永吉里,526,0,590,0,0,20,0,1136,20,1156,0,1156,546,1702,67.92
,民安里,542,0,386,0,0,14,0,942,14,956,0,956,434,1390,68.78
,新生里,286,0,262,0,0,8,0,556,20,576,0,576,1374,1950,29.54
,文化里,850,0,1114,0,0,20,0,1984,40,2024,0,2024,1170,3194,63.37
,油車里,2444,0,3218,0,0,72,0,5734,122,5856,0,5856,3564,9420,62.17
,沙崙里,1758,0,1756,0,0,56,0,3570,78,3648,0,3648,2316,5964,61.17
,新義里,2232,0,2130,0,0,66,0,4428,70,4498,0,4498,2528,7026,64.02
,新春里,2694,0,3274,0,0,70,0,6038,98,6136,0,6136,5340,11476,53.47
,新民里,2112,0,2394,0,0,60,0,4566,64,4630,0,4630,3272,7902,58.59
,正德里,1748,0,2382,0,0,48,0,4178,52,4230,0,4230,2918,7148,59.18
,北新里,1028,0,1308,0,0,46,0,2382,64,2446,0,2446,2096,4542,53.85
,民權里,1908,0,2154,0,0,60,0,4122,62,4184,0,4184,3036,7220,57.95
,幸福里,2224,0,2240,0,0,76,0,4540,74,4614,0,4614,2572,7186,64.21
,學府里,1712,0,2108,0,0,70,0,3890,44,3934,0,3934,3522,7456,52.76
,大庄里,2156,0,2968,0,0,42,0,5166,60,5226,0,5226,4556,9782,53.42
,總計,67002,0,79528,0,0,2086,0,148616,2596,151212,0,151212,103800,255012,59.3
汐止區,,82450,0,94596,0,0,1698,0,178744,2428,181172,0,181172,136030,317202,57.12
,義民里,694,0,764,0,0,14,0,1472,22,1494,0,1494,1014,2508,59.57
,禮門里,632,0,458,0,0,8,0,1098,10,1108,0,1108,720,1828,60.61
,智慧里,1716,0,2470,0,0,38,0,4224,40,4264,0,4264,2980,7244,58.86
,信望里,180,0,136,0,0,2,0,318,10,328,0,328,260,588,55.78
,橋東里,1376,0,1508,0,0,40,0,2924,62,2986,0,2986,1640,4626,64.55
,秀峰里,1964,0,1706,0,0,34,0,3704,60,3764,0,3764,5256,9020,41.73
,新昌里,2836,0,2728,0,0,34,0,5598,72,5670,0,5670,3474,9144,62.01
,復興里,2932,0,3846,0,0,68,0,6846,86,6932,0,6932,4328,11260,61.56
,茄苳里,1968,0,1906,0,0,62,0,3936,62,3998,0,3998,3444,7442,53.72
,長安里,962,0,728,0,0,16,0,1706,32,1738,0,1738,1122,2860,60.77
,保安里,902,0,974,0,0,32,0,1908,36,1944,0,1944,778,2722,71.42
,保長里,2038,0,2014,0,0,52,0,4104,52,4156,0,4156,2616,6772,61.37
,鄉長里,1392,0,1292,0,0,64,0,2748,66,2814,0,2814,1106,3920,71.79
,江北里,2640,0,2520,0,0,60,0,5220,62,5282,0,5282,4472,9754,54.15
,拱北里,2046,0,2018,0,0,54,0,4118,36,4154,0,4154,4224,8378,49.58
,烘內里,790,0,714,0,0,22,0,1526,30,1556,0,1556,1224,2780,55.97
,八連里,678,0,456,0,0,4,0,1138,24,1162,0,1162,640,1802,64.48
,樟樹里,1116,0,974,0,0,22,0,2112,40,2152,0,2152,1730,3882,55.44
,北峰里,2210,0,1788,0,0,28,0,4026,58,4084,0,4084,3532,7616,53.62
,北山里,2430,0,2666,0,0,46,0,5142,62,5204,0,5204,3962,9166,56.78
,白雲里,2008,0,2094,0,0,38,0,4140,66,4206,0,4206,2782,6988,60.19
,橫科里,2126,0,2220,0,0,38,0,4384,52,4436,0,4436,3608,8044,55.15
,東山里,332,0,232,0,0,4,0,568,6,574,0,574,442,1016,56.5
,福山里,1572,0,2038,0,0,30,0,3640,56,3696,0,3696,2474,6170,59.9
,宜興里,1184,0,1718,0,0,20,0,2922,22,2944,0,2944,2088,5032,58.51
,中興里,3508,0,3300,0,0,58,0,6866,82,6948,0,6948,5390,12338,56.31
,湖光里,2066,0,2826,0,0,22,0,4914,60,4974,0,4974,4324,9298,53.5
,仁德里,980,0,1124,0,0,20,0,2124,32,2156,0,2156,914,3070,70.23
,厚德里,2484,0,3832,0,0,50,0,6366,92,6458,0,6458,5760,12218,52.86
,忠孝里,3220,0,4048,0,0,36,0,7304,88,7392,0,7392,5278,12670,58.34
,自強里,2268,0,2430,0,0,60,0,4758,72,4830,0,4830,3396,8226,58.72
,文化里,2060,0,2284,0,0,44,0,4388,84,4472,0,4472,2552,7024,63.67
,金龍里,2052,0,2114,0,0,36,0,4202,50,4252,0,4252,4008,8260,51.48
,福德里,1450,0,1482,0,0,38,0,2970,42,3012,0,3012,2340,5352,56.28
,興福里,1334,0,1530,0,0,24,0,2888,48,2936,0,2936,2166,5102,57.55
,康福里,1864,0,2350,0,0,32,0,4246,42,4288,0,4288,4250,8538,50.22
,忠山里,1292,0,2392,0,0,38,0,3722,42,3764,0,3764,2182,5946,63.3
,環河里,856,0,490,0,0,16,0,1362,10,1372,0,1372,756,2128,64.47
,東勢里,1532,0,2120,0,0,24,0,3676,54,3730,0,3730,3112,6842,54.52
,山光里,896,0,1526,0,0,24,0,2446,40,2486,0,2486,1980,4466,55.67
,大同里,1140,0,1304,0,0,26,0,2470,32,2502,0,2502,2142,4644,53.88
,崇德里,2090,0,2178,0,0,34,0,4302,64,4366,0,4366,3622,7988,54.66
,湖興里,2228,0,3678,0,0,52,0,5958,70,6028,0,6028,4428,10456,57.65
,長青里,428,0,730,0,0,12,0,1170,16,1186,0,1186,610,1796,66.04
,福安里,2458,0,2534,0,0,64,0,5056,52,5108,0,5108,3806,8914,57.3
,秀山里,1772,0,2066,0,0,40,0,3878,42,3920,0,3920,3112,7032,55.75
,建成里,1996,0,2822,0,0,50,0,4868,56,4924,0,4924,3232,8156,60.37
,城中里,1818,0,2370,0,0,32,0,4220,60,4280,0,4280,2998,7278,58.81
,湖蓮里,838,0,1734,0,0,26,0,2598,38,2636,0,2636,1582,4218,62.49
,保新里,1096,0,1364,0,0,10,0,2470,36,2506,0,2506,2174,4680,53.55
,總計,82450,0,94596,0,0,1698,0,178744,2428,181172,0,181172,136030,317202,57.12
瑞芳區,,19776,0,23804,0,0,862,0,44442,1330,45772,0,45772,22856,68628,66.7
,龍潭里,442,0,458,0,0,8,0,908,28,936,0,936,484,1420,65.92
,龍興里,1076,0,1242,0,0,30,0,2348,88,2436,0,2436,1248,3684,66.12
,龍鎮里,680,0,882,0,0,28,0,1590,48,1638,0,1638,840,2478,66.1
,龍川里,928,0,1228,0,0,42,0,2198,60,2258,0,2258,816,3074,73.45
,龍山里,754,0,968,0,0,22,0,1744,50,1794,0,1794,776,2570,69.81
,龍安里,338,0,490,0,0,20,0,848,38,886,0,886,336,1222,72.5
,爪峯里,2278,0,2380,0,0,92,0,4750,136,4886,0,4886,2140,7026,69.54
,柑坪里,828,0,766,0,0,26,0,1620,28,1648,0,1648,494,2142,76.94
,東和里,1002,0,1136,0,0,52,0,2190,64,2254,0,2254,1052,3306,68.18
,上天里,888,0,924,0,0,42,0,1854,40,1894,0,1894,678,2572,73.64
,吉慶里,830,0,1110,0,0,38,0,1978,36,2014,0,2014,1230,3244,62.08
,吉安里,1388,0,1804,0,0,54,0,3246,78,3324,0,3324,2430,5754,57.77
,傑魚里,1220,0,1238,0,0,52,0,2510,48,2558,0,2558,1198,3756,68.1
,猴硐里,396,0,368,0,0,18,0,782,24,806,0,806,172,978,82.41
,光復里,250,0,240,0,0,20,0,510,32,542,0,542,86,628,86.31
,弓橋里,260,0,146,0,0,6,0,412,18,430,0,430,192,622,69.13
,碩仁里,160,0,140,0,0,2,0,302,2,304,0,304,48,352,86.36
,基山里,314,0,266,0,0,12,0,592,8,600,0,600,334,934,64.24
,永慶里,242,0,238,0,0,14,0,494,18,512,0,512,390,902,56.76
,崇文里,202,0,188,0,0,10,0,400,6,406,0,406,260,666,60.96
,福住里,96,0,124,0,0,6,0,226,6,232,0,232,130,362,64.09
,頌德里,248,0,266,0,0,14,0,528,16,544,0,544,208,752,72.34
,新山里,250,0,266,0,0,10,0,526,22,548,0,548,224,772,70.98
,瓜山里,108,0,162,0,0,2,0,272,16,288,0,288,118,406,70.94
,銅山里,136,0,134,0,0,4,0,274,12,286,0,286,116,402,71.14
,石山里,144,0,250,0,0,4,0,398,10,408,0,408,304,712,57.3
,濓新里,182,0,198,0,0,18,0,398,12,410,0,410,172,582,70.45
,濓洞里,184,0,318,0,0,12,0,514,124,638,0,638,368,1006,63.42
,海濱里,538,0,982,0,0,46,0,1566,40,1606,0,1606,670,2276,70.56
,瑞濱里,936,0,1314,0,0,50,0,2300,70,2370,0,2370,1480,3850,61.56
,深澳里,502,0,844,0,0,28,0,1374,52,1426,0,1426,944,2370,60.17
,南雅里,166,0,208,0,0,10,0,384,2,386,0,386,120,506,76.28
,鼻頭里,408,0,496,0,0,8,0,912,32,944,0,944,732,1676,56.32
,新峰里,1402,0,2030,0,0,62,0,3494,66,3560,0,3560,2066,5626,63.28
,總計,19776,0,23804,0,0,862,0,44442,1330,45772,0,45772,22856,68628,66.7
土城區,,113472,0,109726,0,0,2564,0,225762,3106,228868,0,228868,150052,378920,60.4
,埤塘里,1808,0,1684,0,0,38,0,3530,60,3590,0,3590,5640,9230,38.89
,土城里,1120,0,1188,0,0,36,0,2344,56,2400,0,2400,1152,3552,67.57
,員林里,2762,0,3018,0,0,72,0,5852,88,5940,0,5940,3844,9784,60.71
,員仁里,2666,0,2676,0,0,86,0,5428,72,5500,0,5500,3976,9476,58.04
,長風里,474,0,1726,0,0,38,0,2238,22,2260,0,2260,1136,3396,66.55
,日新里,2740,0,2362,0,0,38,0,5140,54,5194,0,5194,2704,7898,65.76
,日和里,3366,0,2738,0,0,54,0,6158,94,6252,0,6252,3538,9790,63.86
,貨饒里,2220,0,1664,0,0,54,0,3938,40,3978,0,3978,2900,6878,57.84
,柑林里,1450,0,1414,0,0,30,0,2894,56,2950,0,2950,2140,5090,57.96
,埤林里,3820,0,4496,0,0,76,0,8392,96,8488,0,8488,5544,14032,60.49
,瑞興里,1866,0,1318,0,0,42,0,3226,36,3262,0,3262,2274,5536,58.92
,清水里,4284,0,3912,0,0,72,0,8268,58,8326,0,8326,5228,13554,61.43
,清和里,3232,0,2446,0,0,48,0,5726,74,5800,0,5800,4874,10674,54.34
,永豐里,2174,0,2516,0,0,62,0,4752,48,4800,0,4800,2446,7246,66.24
,清化里,848,0,712,0,0,14,0,1574,20,1594,0,1594,1252,2846,56.01
,清溪里,3138,0,3710,0,0,78,0,6926,108,7034,0,7034,4478,11512,61.1
,峯廷里,3700,0,3216,0,0,58,0,6974,92,7066,0,7066,5588,12654,55.84
,平和里,3658,0,3088,0,0,78,0,6824,104,6928,0,6928,4802,11730,59.06
,廷寮里,2608,0,2288,0,0,50,0,4946,50,4996,0,4996,2844,7840,63.72
,大安里,2490,0,2072,0,0,54,0,4616,74,4690,0,4690,3388,8078,58.06
,永寧里,4070,0,4098,0,0,90,0,8258,108,8366,0,8366,5298,13664,61.23
,沛陂里,2408,0,2228,0,0,54,0,4690,62,4752,0,4752,2614,7366,64.51
,頂埔里,2392,0,2678,0,0,78,0,5148,84,5232,0,5232,2928,8160,64.12
,頂福里,2566,0,2596,0,0,84,0,5246,98,5344,0,5344,3272,8616,62.02
,頂新里,862,0,1492,0,0,22,0,2376,36,2412,0,2412,1804,4216,57.21
,祖田里,1032,0,748,0,0,34,0,1814,28,1842,0,1842,1064,2906,63.39
,樂利里,2724,0,2514,0,0,60,0,5298,60,5358,0,5358,3868,9226,58.08
,廣福里,2744,0,3392,0,0,84,0,6220,86,6306,0,6306,3186,9492,66.43
,學府里,2044,0,1970,0,0,76,0,4090,84,4174,0,4174,1970,6144,67.94
,延壽里,2592,0,2206,0,0,42,0,4840,66,4906,0,4906,2882,7788,62.99
,安和里,2774,0,2204,0,0,40,0,5018,50,5068,0,5068,3368,8436,60.08
,青雲里,1616,0,1430,0,0,56,0,3102,52,3154,0,3154,1884,5038,62.6
,員福里,3064,0,2662,0,0,82,0,5808,72,5880,0,5880,3556,9436,62.31
,延吉里,2406,0,1770,0,0,48,0,4224,62,4286,0,4286,3290,7576,56.57
,復興里,2520,0,2230,0,0,70,0,4820,80,4900,0,4900,2972,7872,62.25
,裕生里,2872,0,2444,0,0,46,0,5362,72,5434,0,5434,3806,9240,58.81
,員信里,2090,0,2182,0,0,42,0,4314,60,4374,0,4374,3164,7538,58.03
,永富里,2742,0,2642,0,0,60,0,5444,62,5506,0,5506,3340,8846,62.24
,學成里,2034,0,1794,0,0,40,0,3868,64,3932,0,3932,1560,5492,71.6
,延和里,3064,0,2978,0,0,70,0,6112,82,6194,0,6194,4678,10872,56.97
,中正里,1692,0,1734,0,0,40,0,3466,54,3520,0,3520,1864,5384,65.38
,學士里,2270,0,2314,0,0,36,0,4620,40,4660,0,4660,2972,7632,61.06
,明德里,2508,0,2904,0,0,56,0,5468,72,5540,0,5540,3674,9214,60.13
,廣興里,1676,0,1602,0,0,48,0,3326,50,3376,0,3376,2278,5654,59.71
,青山里,1790,0,1722,0,0,32,0,3544,76,3620,0,3620,1742,5362,67.51
,金城里,2410,0,3172,0,0,66,0,5648,64,5712,0,5712,4194,9906,57.66
,延祿里,2086,0,1776,0,0,30,0,3892,80,3972,0,3972,3076,7048,56.36
,總計,113472,0,109726,0,0,2564,0,225762,3106,228868,0,228868,150052,378920,60.4
蘆洲區,,105598,0,77936,0,0,2076,0,185610,2662,188272,0,188272,120800,309072,60.92
,正義里,5504,0,5042,0,0,92,0,10638,106,10744,0,10744,6256,17000,63.2
,中原里,3124,0,2222,0,0,38,0,5384,82,5466,0,5466,3290,8756,62.43
,中路里,2494,0,1788,0,0,64,0,4346,52,4398,0,4398,2338,6736,65.29
,光華里,2854,0,2316,0,0,44,0,5214,70,5284,0,5284,3404,8688,60.82
,保佑里,2160,0,1638,0,0,42,0,3840,60,3900,0,3900,2464,6364,61.28
,水湳里,5490,0,3964,0,0,104,0,9558,140,9698,0,9698,7022,16720,58.0
,樓厝里,3344,0,2794,0,0,94,0,6232,108,6340,0,6340,4140,10480,60.5
,鷺江里,3146,0,2384,0,0,62,0,5592,96,5688,0,5688,3364,9052,62.84
,恆德里,3332,0,2728,0,0,68,0,6128,106,6234,0,6234,4018,10252,60.81
,溪墘里,2194,0,1536,0,0,44,0,3774,60,3834,0,3834,1808,5642,67.95
,樹德里,1950,0,1570,0,0,28,0,3548,58,3606,0,3606,2136,5742,62.8
,保和里,1452,0,1124,0,0,28,0,2604,38,2642,0,2642,1904,4546,58.12
,仁復里,1360,0,1124,0,0,54,0,2538,40,2578,0,2578,1156,3734,69.04
,得勝里,2062,0,1410,0,0,32,0,3504,42,3546,0,3546,2208,5754,61.63
,南港里,2776,0,2552,0,0,64,0,5392,58,5450,0,5450,3860,9310,58.54
,永樂里,3250,0,2318,0,0,60,0,5628,76,5704,0,5704,4258,9962,57.26
,永康里,3686,0,2434,0,0,76,0,6196,94,6290,0,6290,4516,10806,58.21
,信義里,2554,0,1876,0,0,62,0,4492,64,4556,0,4556,2390,6946,65.59
,玉清里,2956,0,2280,0,0,38,0,5274,64,5338,0,5338,4012,9350,57.09
,復興里,2276,0,1220,0,0,38,0,3534,62,3596,0,3596,2296,5892,61.03
,水河里,4878,0,3552,0,0,114,0,8544,138,8682,0,8682,6590,15272,56.85
,仁愛里,3030,0,2404,0,0,74,0,5508,88,5596,0,5596,3314,8910,62.81
,忠義里,1848,0,1320,0,0,32,0,3200,32,3232,0,3232,2078,5310,60.87
,九芎里,2918,0,2128,0,0,44,0,5090,72,5162,0,5162,3676,8838,58.41
,中華里,2132,0,1546,0,0,20,0,3698,58,3756,0,3756,1820,5576,67.36
,得仁里,1956,0,1296,0,0,26,0,3278,46,3324,0,3324,1974,5298,62.74
,仁德里,3544,0,2322,0,0,74,0,5940,74,6014,0,6014,3438,9452,63.63
,仁義里,2336,0,1674,0,0,64,0,4074,38,4112,0,4112,4562,8674,47.41
,光明里,2714,0,1952,0,0,68,0,4734,88,4822,0,4822,3128,7950,60.65
,保新里,1882,0,1338,0,0,62,0,3282,60,3342,0,3342,1290,4632,72.15
,長安里,3068,0,1974,0,0,52,0,5094,86,5180,0,5180,3364,8544,60.63
,民和里,1762,0,1396,0,0,44,0,3202,30,3232,0,3232,1552,4784,67.56
,忠孝里,1572,0,892,0,0,22,0,2486,40,2526,0,2526,1628,4154,60.81
,福安里,1892,0,1364,0,0,34,0,3290,36,3326,0,3326,2034,5360,62.05
,永安里,3010,0,2076,0,0,56,0,5142,72,5214,0,5214,3384,8598,60.64
,延平里,2464,0,1558,0,0,38,0,4060,58,4118,0,4118,2630,6748,61.03
,成功里,4228,0,2986,0,0,68,0,7282,94,7376,0,7376,4502,11878,62.1
,永德里,2400,0,1838,0,0,52,0,4290,76,4366,0,4366,2996,7362,59.3
,總計,105598,0,77936,0,0,2076,0,185610,2662,188272,0,188272,120800,309072,60.92
五股區,,40672,0,34932,0,0,890,0,76494,1178,77672,0,77672,50486,128158,60.61
,興珍里,3186,0,1706,0,0,46,0,4938,82,5020,0,5020,3468,8488,59.14
,更寮里,1080,0,364,0,0,10,0,1454,32,1486,0,1486,676,2162,68.73
,集福里,2188,0,1848,0,0,38,0,4074,64,4138,0,4138,2256,6394,64.72
,觀音里,970,0,536,0,0,28,0,1534,40,1574,0,1574,944,2518,62.51
,成州里,3316,0,2350,0,0,82,0,5748,76,5824,0,5824,3682,9506,61.27
,成功里,2818,0,1758,0,0,72,0,4648,58,4706,0,4706,4158,8864,53.09
,五龍里,1090,0,526,0,0,30,0,1646,24,1670,0,1670,854,2524,66.16
,五股里,2396,0,1622,0,0,58,0,4076,72,4148,0,4148,3200,7348,56.45
,五福里,2130,0,1688,0,0,26,0,3844,62,3906,0,3906,2168,6074,64.31
,德音里,2484,0,2494,0,0,56,0,5034,50,5084,0,5084,3344,8428,60.32
,陸一里,244,0,2426,0,0,20,0,2690,54,2744,0,2744,1256,4000,68.6
,貿商里,696,0,2352,0,0,32,0,3080,70,3150,0,3150,1860,5010,62.87
,德泰里,2162,0,2210,0,0,42,0,4414,74,4488,0,4488,2628,7116,63.07
,成德里,2052,0,1324,0,0,50,0,3426,72,3498,0,3498,1402,4900,71.39
,六福里,1722,0,1958,0,0,68,0,3748,52,3800,0,3800,2264,6064,62.66
,集賢里,2202,0,1422,0,0,34,0,3658,20,3678,0,3678,2574,6252,58.83
,民義里,1834,0,1570,0,0,40,0,3444,34,3478,0,3478,2002,5480,63.47
,成泰里,3002,0,2206,0,0,50,0,5258,104,5362,0,5362,4100,9462,56.67
,水碓里,3720,0,3184,0,0,74,0,6978,94,7072,0,7072,5516,12588,56.18
,福德里,1380,0,1388,0,0,34,0,2802,44,2846,0,2846,2134,4980,57.15
,總計,40672,0,34932,0,0,890,0,76494,1178,77672,0,77672,50486,128158,60.61
泰山區,,37336,0,36098,0,0,798,0,74232,1016,75248,0,75248,44880,120128,62.64
,大科里,604,0,414,0,0,18,0,1036,26,1062,0,1062,498,1560,68.08
,黎明里,1772,0,1622,0,0,36,0,3430,40,3470,0,3470,2330,5800,59.83
,山腳里,3262,0,3494,0,0,90,0,6846,92,6938,0,6938,4216,11154,62.2
,福泰里,1546,0,1414,0,0,24,0,2984,32,3016,0,3016,1848,4864,62.01
,楓樹里,2242,0,2052,0,0,42,0,4336,64,4400,0,4400,2870,7270,60.52
,同榮里,2032,0,2162,0,0,34,0,4228,68,4296,0,4296,2572,6868,62.55
,義學里,2408,0,2082,0,0,44,0,4534,64,4598,0,4598,2870,7468,61.57
,明志里,1984,0,1980,0,0,38,0,4002,48,4050,0,4050,2362,6412,63.16
,貴子里,2060,0,1906,0,0,54,0,4020,74,4094,0,4094,2362,6456,63.41
,貴和里,2852,0,2496,0,0,42,0,5390,74,5464,0,5464,2912,8376,65.23
,同興里,2082,0,1880,0,0,68,0,4030,48,4078,0,4078,2058,6136,66.46
,義仁里,4108,0,3526,0,0,72,0,7706,96,7802,0,7802,4602,12404,62.9
,泰友里,1294,0,1274,0,0,16,0,2584,48,2632,0,2632,1208,3840,68.54
,新明里,2048,0,1838,0,0,58,0,3944,56,4000,0,4000,1734,5734,69.76
,貴賢里,2016,0,2328,0,0,52,0,4396,58,4454,0,4454,1900,6354,70.1
,福興里,1774,0,1900,0,0,32,0,3706,50,3756,0,3756,2252,6008,62.52
,全興里,3252,0,3730,0,0,78,0,7060,78,7138,0,7138,6286,13424,53.17
,總計,37336,0,36098,0,0,798,0,74232,1016,75248,0,75248,44880,120128,62.64
林口區,,37452,0,42600,0,0,898,0,80950,1134,82084,0,82084,60470,142554,57.58
,東林里,2348,0,1944,0,0,68,0,4360,68,4428,0,4428,2750,7178,61.69
,林口里,2300,0,2418,0,0,56,0,4774,62,4836,0,4836,4002,8838,54.72
,西林里,3710,0,3940,0,0,74,0,7724,78,7802,0,7802,6024,13826,56.43
,菁湖里,2516,0,2104,0,0,38,0,4658,64,4722,0,4722,2650,7372,64.05
,中湖里,1966,0,1570,0,0,44,0,3580,62,3642,0,3642,2056,5698,63.92
,湖北里,1106,0,692,0,0,22,0,1820,40,1860,0,1860,812,2672,69.61
,湖南里,5610,0,7418,0,0,132,0,13160,116,13276,0,13276,12082,25358,52.35
,南勢里,4386,0,6568,0,0,72,0,11026,128,11154,0,11154,10898,22052,50.58
,東勢里,2598,0,3320,0,0,90,0,6008,106,6114,0,6114,3788,9902,61.75
,頂福里,880,0,414,0,0,40,0,1334,30,1364,0,1364,672,2036,66.99
,下福里,750,0,864,0,0,24,0,1638,44,1682,0,1682,594,2276,73.9
,嘉寶里,890,0,562,0,0,26,0,1478,38,1516,0,1516,226,1742,87.03
,瑞平里,640,0,398,0,0,16,0,1054,18,1072,0,1072,482,1554,68.98
,太平里,1062,0,524,0,0,38,0,1624,28,1652,0,1652,914,2566,64.38
,仁愛里,2086,0,3324,0,0,62,0,5472,74,5546,0,5546,4436,9982,55.56
,麗林里,2758,0,4218,0,0,60,0,7036,100,7136,0,7136,5584,12720,56.1
,麗園里,1846,0,2322,0,0,36,0,4204,78,4282,0,4282,2500,6782,63.14
,總計,37452,0,42600,0,0,898,0,80950,1134,82084,0,82084,60470,142554,57.58
深坑區,,10420,0,11998,0,0,314,0,22732,378,23110,0,23110,15152,38262,60.4
,深坑里,1540,0,1562,0,0,32,0,3134,54,3188,0,3188,2400,5588,57.05
,萬順里,1154,0,1214,0,0,20,0,2388,44,2432,0,2432,1716,4148,58.63
,土庫里,1320,0,1496,0,0,44,0,2860,54,2914,0,2914,2266,5180,56.25
,昇高里,1210,0,1500,0,0,50,0,2760,60,2820,0,2820,914,3734,75.52
,阿柔里,406,0,376,0,0,8,0,790,8,798,0,798,258,1056,75.57
,埔新里,2498,0,3138,0,0,68,0,5704,70,5774,0,5774,4348,10122,57.04
,萬福里,1292,0,1286,0,0,36,0,2614,38,2652,0,2652,1984,4636,57.2
,賴仲里,1000,0,1426,0,0,56,0,2482,50,2532,0,2532,1266,3798,66.67
,總計,10420,0,11998,0,0,314,0,22732,378,23110,0,23110,15152,38262,60.4
石碇區,,5206,0,3806,0,0,164,0,9176,212,9388,0,9388,3706,13094,71.7
,石碇里,296,0,294,0,0,6,0,596,16,612,0,612,178,790,77.47
,潭邊里,512,0,350,0,0,28,0,890,36,926,0,926,526,1452,63.77
,隆盛里,468,0,350,0,0,14,0,832,22,854,0,854,514,1368,62.43
,烏塗里,556,0,376,0,0,12,0,944,28,972,0,972,450,1422,68.35
,彭山里,176,0,210,0,0,10,0,396,10,406,0,406,228,634,64.04
,豐田里,372,0,252,0,0,14,0,638,12,650,0,650,138,788,82.49
,永定里,570,0,392,0,0,16,0,978,14,992,0,992,148,1140,87.02
,中民里,576,0,488,0,0,22,0,1086,26,1112,0,1112,308,1420,78.31
,光明里,190,0,146,0,0,6,0,342,4,346,0,346,126,472,73.31
,豐林里,254,0,228,0,0,4,0,486,10,496,0,496,74,570,87.02
,永安里,548,0,356,0,0,16,0,920,16,936,0,936,410,1346,69.54
,格頭里,688,0,364,0,0,16,0,1068,18,1086,0,1086,606,1692,64.18
,總計,5206,0,3806,0,0,164,0,9176,212,9388,0,9388,3706,13094,71.7
坪林區,,4274,0,2964,0,0,110,0,7348,132,7480,0,7480,3496,10976,68.15
,粗窟里,634,0,512,0,0,14,0,1160,18,1178,0,1178,436,1614,72.99
,坪林里,924,0,680,0,0,30,0,1634,26,1660,0,1660,582,2242,74.04
,大林里,790,0,400,0,0,20,0,1210,48,1258,0,1258,836,2094,60.08
,石里,362,0,210,0,0,10,0,582,12,594,0,594,188,782,75.96
,上德里,524,0,536,0,0,26,0,1086,8,1094,0,1094,364,1458,75.03
,水德里,388,0,332,0,0,2,0,722,8,730,0,730,446,1176,62.07
,漁光里,652,0,294,0,0,8,0,954,12,966,0,966,644,1610,60.0
,總計,4274,0,2964,0,0,110,0,7348,132,7480,0,7480,3496,10976,68.15
三芝區,,9678,0,12190,0,0,374,0,22242,534,22776,0,22776,15300,38076,59.82
,八賢里,236,0,252,0,0,2,0,490,14,504,0,504,146,650,77.54
,埔頭里,2134,0,2560,0,0,80,0,4774,126,4900,0,4900,3740,8640,56.71
,古庄里,494,0,576,0,0,24,0,1094,28,1122,0,1122,768,1890,59.37
,新庄里,412,0,538,0,0,20,0,970,34,1004,0,1004,638,1642,61.14
,埔坪里,2542,0,3540,0,0,112,0,6194,122,6316,0,6316,5510,11826,53.41
,茂長里,366,0,392,0,0,10,0,768,12,780,0,780,330,1110,70.27
,橫山里,260,0,418,0,0,10,0,688,26,714,0,714,310,1024,69.73
,錫板里,536,0,576,0,0,20,0,1132,30,1162,0,1162,288,1450,80.14
,後厝里,948,0,1342,0,0,26,0,2316,48,2364,0,2364,1464,3828,61.76
,福德里,366,0,504,0,0,16,0,886,24,910,0,910,574,1484,61.32
,圓山里,306,0,352,0,0,12,0,670,22,692,0,692,362,1054,65.65
,店子里,424,0,434,0,0,20,0,878,16,894,0,894,300,1194,74.87
,興華里,654,0,706,0,0,22,0,1382,32,1414,0,1414,870,2284,61.91
,總計,9678,0,12190,0,0,374,0,22242,534,22776,0,22776,15300,38076,59.82
石門區,,5786,0,7452,0,0,260,0,13498,412,13910,0,13910,6478,20388,68.23
,德茂里,774,0,864,0,0,34,0,1672,38,1710,0,1710,478,2188,78.15
,富基里,732,0,830,0,0,20,0,1582,34,1616,0,1616,1052,2668,60.57
,老梅里,1320,0,1456,0,0,44,0,2820,94,2914,0,2914,1258,4172,69.85
,山溪里,378,0,562,0,0,22,0,962,22,984,0,984,710,1694,58.09
,石門里,690,0,1022,0,0,50,0,1762,54,1816,0,1816,1122,2938,61.81
,尖鹿里,844,0,1152,0,0,38,0,2034,80,2114,0,2114,814,2928,72.2
,乾華里,138,0,242,0,0,6,0,386,12,398,0,398,294,692,57.51
,茂林里,424,0,580,0,0,12,0,1016,42,1058,0,1058,256,1314,80.52
,草里里,486,0,744,0,0,34,0,1264,36,1300,0,1300,494,1794,72.46
,總計,5786,0,7452,0,0,260,0,13498,412,13910,0,13910,6478,20388,68.23
八里區,,17370,0,17676,0,0,544,0,35590,700,36290,0,36290,22430,58720,61.8
,龍源里,3266,0,3716,0,0,86,0,7068,130,7198,0,7198,4564,11762,61.2
,米倉里,1610,0,1622,0,0,50,0,3282,62,3344,0,3344,2442,5786,57.79
,大崁里,1496,0,1502,0,0,66,0,3064,90,3154,0,3154,1512,4666,67.6
,埤頭里,2142,0,1806,0,0,52,0,4000,60,4060,0,4060,2268,6328,64.16
,頂罟里,954,0,916,0,0,22,0,1892,48,1940,0,1940,1176,3116,62.26
,舊城里,3142,0,2932,0,0,84,0,6158,106,6264,0,6264,5290,11554,54.21
,訊塘里,2154,0,2308,0,0,78,0,4540,84,4624,0,4624,2564,7188,64.33
,荖阡里,914,0,866,0,0,32,0,1812,40,1852,0,1852,1176,3028,61.16
,長坑里,960,0,906,0,0,44,0,1910,28,1938,0,1938,786,2724,71.15
,下罟里,732,0,1102,0,0,30,0,1864,52,1916,0,1916,652,2568,74.61
,總計,17370,0,17676,0,0,544,0,35590,700,36290,0,36290,22430,58720,61.8
平溪區,,3018,0,3202,0,0,158,0,6378,130,6508,0,6508,2440,8948,72.73
,薯榔里,344,0,298,0,0,12,0,654,4,658,0,658,170,828,79.47
,菁桐里,150,0,178,0,0,14,0,342,14,356,0,356,154,510,69.8
,白石里,220,0,178,0,0,10,0,408,12,420,0,420,82,502,83.67
,石底里,344,0,320,0,0,30,0,694,10,704,0,704,210,914,77.02
,平溪里,130,0,182,0,0,12,0,324,16,340,0,340,160,500,68.0
,嶺腳里,458,0,464,0,0,24,0,946,14,960,0,960,356,1316,72.95
,東勢里,220,0,350,0,0,8,0,578,14,592,0,592,288,880,67.27
,望古里,116,0,128,0,0,6,0,250,2,252,0,252,70,322,78.26
,南山里,200,0,226,0,0,16,0,442,14,456,0,456,318,774,58.91
,平湖里,134,0,124,0,0,2,0,260,2,262,0,262,104,366,71.58
,十分里,572,0,606,0,0,20,0,1198,22,1220,0,1220,468,1688,72.27
,新寮里,130,0,148,0,0,4,0,282,6,288,0,288,60,348,82.76
,總計,3018,0,3202,0,0,158,0,6378,130,6508,0,6508,2440,8948,72.73
雙溪區,,5528,0,6158,0,0,198,0,11884,274,12158,0,12158,4040,16198,75.06
,雙溪里,284,0,406,0,0,2,0,692,22,714,0,714,208,922,77.44
,共和里,272,0,332,0,0,10,0,614,22,636,0,636,208,844,75.36
,新基里,408,0,586,0,0,6,0,1000,18,1018,0,1018,568,1586,64.19
,魚行里,560,0,564,0,0,24,0,1148,32,1180,0,1180,258,1438,82.06
,三港里,264,0,246,0,0,4,0,514,16,530,0,530,342,872,60.78
,牡丹里,1142,0,1300,0,0,56,0,2498,58,2556,0,2556,804,3360,76.07
,三貂里,286,0,264,0,0,8,0,558,10,568,0,568,106,674,84.27
,平林里,616,0,794,0,0,28,0,1438,32,1470,0,1470,444,1914,76.8
,上林里,462,0,472,0,0,12,0,946,16,962,0,962,314,1276,75.39
,外柑里,344,0,346,0,0,14,0,704,12,716,0,716,200,916,78.17
,長源里,230,0,166,0,0,8,0,404,10,414,0,414,318,732,56.56
,泰平里,660,0,682,0,0,26,0,1368,26,1394,0,1394,270,1664,83.77
,總計,5528,0,6158,0,0,198,0,11884,274,12158,0,12158,4040,16198,75.06
貢寮區,,8344,0,6112,0,0,254,0,14710,382,15092,0,15092,7520,22612,66.74
,貢寮里,598,0,630,0,0,28,0,1256,30,1286,0,1286,488,1774,72.49
,吉林里,316,0,402,0,0,20,0,738,10,748,0,748,198,946,79.07
,雙玉里,536,0,356,0,0,22,0,914,24,938,0,938,524,1462,64.16
,龍崗里,440,0,296,0,0,16,0,752,8,760,0,760,80,840,90.48
,龍門里,682,0,400,0,0,16,0,1098,42,1140,0,1140,240,1380,82.61
,福隆里,1216,0,1104,0,0,34,0,2354,46,2400,0,2400,942,3342,71.81
,仁里里,1044,0,974,0,0,36,0,2054,64,2118,0,2118,1258,3376,62.74
,真理里,1482,0,604,0,0,26,0,2112,68,2180,0,2180,1968,4148,52.56
,福連里,600,0,430,0,0,20,0,1050,18,1068,0,1068,698,1766,60.48
,美豐里,726,0,412,0,0,22,0,1160,38,1198,0,1198,328,1526,78.51
,和美里,704,0,504,0,0,14,0,1222,34,1256,0,1256,796,2052,61.21
,總計,8344,0,6112,0,0,254,0,14710,382,15092,0,15092,7520,22612,66.74
金山區,,11678,0,10088,0,0,304,0,22070,432,22502,0,22502,13552,36054,62.41
,和平里,294,0,306,0,0,0,0,600,16,616,0,616,314,930,66.24
,大同里,364,0,402,0,0,10,0,776,26,802,0,802,606,1408,56.96
,豐漁里,322,0,244,0,0,8,0,574,12,586,0,586,382,968,60.54
,磺港里,1214,0,818,0,0,42,0,2074,46,2120,0,2120,1276,3396,62.43
,美田里,2092,0,1980,0,0,48,0,4120,70,4190,0,4190,2836,7026,59.64
,五湖里,1366,0,1210,0,0,74,0,2650,58,2708,0,2708,640,3348,80.88
,重和里,790,0,486,0,0,12,0,1288,10,1298,0,1298,1060,2358,55.05
,兩湖里,320,0,268,0,0,4,0,592,20,612,0,612,124,736,83.15
,六股里,566,0,402,0,0,6,0,974,16,990,0,990,280,1270,77.95
,三界里,404,0,330,0,0,22,0,756,32,788,0,788,486,1274,61.85
,清泉里,510,0,454,0,0,4,0,968,28,996,0,996,558,1554,64.09
,萬壽里,394,0,280,0,0,8,0,682,10,692,0,692,210,902,76.72
,西湖里,122,0,158,0,0,6,0,286,8,294,0,294,84,378,77.78
,永興里,318,0,282,0,0,4,0,604,8,612,0,612,562,1174,52.13
,金美里,2602,0,2468,0,0,56,0,5126,72,5198,0,5198,4134,9332,55.7
,總計,11678,0,10088,0,0,304,0,22070,432,22502,0,22502,13552,36054,62.41
萬里區,,10056,0,10848,0,0,334,0,21238,398,21636,0,21636,15416,37052,58.39
,萬里里,1982,0,2114,0,0,38,0,4134,84,4218,0,4218,3926,8144,51.79
,龜吼里,1292,0,1344,0,0,58,0,2694,80,2774,0,2774,1906,4680,59.27
,野柳里,1364,0,1496,0,0,50,0,2910,46,2956,0,2956,3210,6166,47.94
,大鵬里,1632,0,1846,0,0,68,0,3546,46,3592,0,3592,1584,5176,69.4
,磺潭里,320,0,364,0,0,10,0,694,10,704,0,704,400,1104,63.77
,雙興里,758,0,646,0,0,20,0,1424,32,1456,0,1456,452,1908,76.31
,溪底里,610,0,360,0,0,14,0,984,16,1000,0,1000,338,1338,74.74
,崁脚里,328,0,266,0,0,10,0,604,14,618,0,618,238,856,72.2
,中幅里,470,0,626,0,0,14,0,1110,32,1142,0,1142,902,2044,55.87
,北基里,1300,0,1786,0,0,52,0,3138,38,3176,0,3176,2460,5636,56.35
,總計,10056,0,10848,0,0,334,0,21238,398,21636,0,21636,15416,37052,58.39
烏來區,,3008,0,4496,0,0,86,0,7590,244,7834,0,7834,1710,9544,82.08
,烏來里,1370,0,1908,0,0,36,0,3314,88,3402,0,3402,824,4226,80.5
,忠治里,914,0,1408,0,0,20,0,2342,66,2408,0,2408,430,2838,84.85
,福山里,228,0,640,0,0,18,0,886,46,932,0,932,114,1046,89.1
,信賢里,278,0,368,0,0,6,0,652,32,684,0,684,288,972,70.37
,孝義里,218,0,172,0,0,6,0,396,12,408,0,408,54,462,88.31
,總計,3008,0,4496,0,0,86,0,7590,244,7834,0,7834,1710,9544,82.08
